name,awards,publications,education
Khan,0,50,"Khan was a Bright Sparks scholar and received his PhD degree in Computer Science from University of Malaya.[14] He received his master's degree and bachelor's degree (with honors) in Computer Science from COMSATS University under COMSATS scholarship. He has also attended a summer camp on Advance Wireless Networks at Technische Universität Ilmenau under DAAD scholarship.
"
Aalst,0,3,
Aaronson,4,0,"Aaronson grew up in the United States, though he spent a year in Asia when his father—a science writer turned public-relations executive—was posted to Hong Kong.[2] He enrolled in a school there that permitted him to skip ahead several years in math, but upon returning to the US, he found his education restrictive, getting bad grades and having run-ins with teachers. He enrolled in The Clarkson School, a gifted education program run by Clarkson University, which enabled Aaronson to apply for colleges while only in his freshman year of high school.[2] He was accepted into Cornell University, where he obtained his BSc in computer science in 2000,[3] and where he resided at the Telluride House.[4] He then attended the University of California, Berkeley, for his PhD, which he got in 2004 under the supervision of Umesh Vazirani.[5]
"
Abebe,0,0,"Abebe was born and raised in Addis Ababa, Ethiopia.[5] She was educated in the Ethiopian National Curriculum at Nazareth School before winning a competitive merit-based scholarship to attend the International Community School of Addis Ababa for high school.[5]
"
Abelson,1,4,"Abelson graduated with a Bachelor of Arts degree in mathematics from Princeton University in 1969 after completing a senior thesis on Actions with fixed-point set: a homology sphere, supervised by William Browder.[1]
[7]
"
Abiteboul,4,0,"The son of two hardware store owners, Abiteboul attended high-school in Romorantin, and Higher School Preparatory Classes in Tours.[13] He was admitted to the Télécom Paris engineering school and studied at the Technion in Haifa for a year.[14]
"
Abramsky,4,6,"Abramsky was educated at Hasmonean Grammar School for Boys, Hendon and at King's College, Cambridge (BA 1975, MA Philosophy 1979, Diploma in Computer Science) and Queen Mary, University of London (PhD Computer Science 1988, supervised by Richard Bornat).[3]
"
Adleman,2,0,
Agrawal,8,0,
Ahn,3,0,"Luis von Ahn was born in and grew up in Guatemala City. Von Ahn grew up in a wealthy household with both of his parents working as physicians. He is a Guatemalan of German-Jewish descent. His mother was one of the first women in Guatemala to complete medical school, and had von Ahn at age 42 despite being single.[9] He attended the American School of Guatemala, a private English-language school in Guatemala City, an experience he cites as a great privilege.[10][11] When von Ahn was eight years old, his mother bought him a Commodore 64 computer, beginning his fascination with technology and computer science.[12] When he applied to colleges in the United States, Von Ahn had to spend more than $1,200 to fly to neighboring El Salvador to take the TOEFL. This experience left him with a negative impression of an ""extractive"" testing industry, ripe for disruption.[9]
"
Aho,5,0,
Allen,6,5,"Allen grew up on a farm in Peru, New York, near Lake Champlain, as the oldest of six children. Her father was a farmer, and her mother an elementary schoolteacher.[9] Her early elementary education took place in a one-room school house a mile away from her home, and she later attended a local high school.[10]
"
Amdahl,4,0,"Amdahl was born to immigrant parents of Norwegian and Swedish descent in Flandreau, South Dakota. After serving in the Navy during World War II he completed a degree in engineering physics at South Dakota State University in 1948.
"
Anderson,5,0,"Anderson received a BA in mathematics from Wesleyan University, and MS and PhD degrees in mathematics and computer science from the University of Wisconsin–Madison. While in graduate school he published four research papers in computer graphics.[1]  His PhD research involved using enhanced attribute grammars to specify and implement communication protocols.[2]
"
Anthony,0,4,"Lisa Anthony earned her B.S. and M.S. in computer science with official concentrations in artificial intelligence, human-computer Interaction, and software engineering at Drexel University. Her M.S. thesis involved using genetic programming to evolve board evaluation functions for the strategy board game Acquire.[citation needed] As a summer graduate intern, she worked on the Collaborative Exploratory Search project at the Fuji-Xerox Palo Alto Laboratory (FXPAL).[citation needed]
"
Appel,0,0,
Aragon,4,0,"Aragon received her B.S. in mathematics from the California Institute of Technology in 1982, M.S. from the University of California, Berkeley in 1987 and, Ph.D. in computer science from the same institution in 2004. For her doctoral studies, Aragon worked under the direction of Marti Hearst.[4]
"
Arden,0,0,
Jones,0,0,"Angie Jones was born in New Orleans, Louisiana. She attended Marion Abramson Senior High School in New Orleans, LA. After graduating from high school, she enrolled as a Business major at Tennessee State University. However, after taking an introductory C++ course which sparked her interest in tech, she changed her major to Computer Science.[3][4] She has a Bachelor of Science in Computer Science from Tennessee State University. In 2010, she obtained a Master's Degree in Computer Science from North Carolina State University[5][6]
"
Arora,0,0,
Asprey,0,0,"Asprey attended Vassar College in Poughkeepsie, New York, where she earned her undergraduate degree in 1938. As a student there, Asprey met Grace Hopper, the ""First Lady of Computing,"" who taught mathematics at the time. After graduating, Asprey taught at several private schools in New York City and Chicago before going on to earn her MS and PhD degrees from the University of Iowa in 1942 and 1945, respectively.[2] Her doctoral advisor was the topologist Edward Wilson Chittenden.[5]
"
Atanasoff,17,0,"Atanasoff was born on October 4, 1903, in Hamilton, New York to an electrical engineer and a school teacher.[6] Atanasoff's father, Ivan Atanasov, was of Bulgarian origin, born in 1876 in the village of Boyadzhik, close to Yambol, then in the Ottoman Empire. While Ivan Atanasov was still an infant, his own father was killed by Ottoman soldiers after the Bulgarian April Uprising.[7] In 1889, Ivan immigrated to the United States with his uncle. John's father later became an electrical engineer, whereas his mother, Iva Lucena Purdy (of mixed French and Irish ancestry), was a teacher of mathematics.[8][9][10]
"
Atre,0,0,"Atre was born in 1940 in India and grew up in Panvel, a village near Mumbai.[7][8] She earned a Master of Science from the University of Poona, studying mathematics and statistics.[9][10] During her education, she also studied languages, gaining proficiency in speaking five different languages.[1] Atre went on to begin her graduate studies in mathematics and physics at the University of Heidelberg, writing her thesis on astronomy.[9][10][11] Because she needed to make large scale calculations to develop her thesis, she began studying computer programming, which led to an interest in the field of computer technology.[10][12] During her studies, she was hired by IBM in 1967. When her student visa expired three and a half years later, Atre and her husband immigrated to the United States.[1][10]
"
Babbage,2,12,
Bachman,5,18,
Backhouse,0,4,"Backhouse was born and raised in the Thorntree district of Middlesbrough, an industrial town in the north-east of England. In 1959, he won a place at the then all-male Acklam Hall Grammar School before going on to Churchill College, Cambridge, in 1966. His doctorate (Ph.D.) was completed under the supervision of Jim Cunningham at Imperial College London.
"
Backus,9,0,
Bacon,3,0,
Bader,1,0,"Bader is the son of chemistry professor Morris Bader and his wife Karen.[27] He is an Eagle Scout in the Boy Scouts of America, earning the rank in 1985.[28] Bader graduated from Liberty High School in Bethlehem, Pennsylvania in 1987.[29]
"
Bahl,0,0,
Barr,0,4,"Barr was born in New York City and grew up in Summit, New Jersey,[13] where he graduated from Summit High School in 1958.[14][15]
Growing up, he was inspired by the biographies of Ben Franklin, Marconi, Alexander Graham Bell, Wright Brothers, and Sikorsky as well as visits to the Franklin Institute in Philadelphia and the Museum of Natural History in New York City. In 2021, Barr and his wife Olga donated $1M to the Cade Museum for Creativity and Invention to support the museum's youth programming.[16]
"
Bartik,3,0,"Born Betty Jean Jennings in Gentry County, Missouri in 1924,[2] she was the sixth of seven children. Her father, William Smith Jennings (1893–1971) was from Alanthus Grove, where he was a schoolteacher as well as a farmer. Her mother, Lula May Spainhower (1887–1988) was from Alanthus. Jennings had three older brothers, William (January 10, 1915) Robert (March 15, 1918); and Raymond (January 23, 1922); two older sisters, Emma (August 11, 1916) and Lulu (August 22, 1919), and one younger sister, Mable (December 15, 1928).[3][4][5]
"
Barto,2,0,"Barto received his B.S. with distinction in mathematics from the University of Michigan in 1970, after having initially majored in naval architecture and engineering. After reading work by Michael Arbib and McCulloch and Pitts he became interested in using computers and mathematics to model the brain, and five years later was awarded a Ph.D. in computer science for a thesis on cellular automata.[2]
"
Bauer,0,5,
Bayer,1,0,
Bell,3,0,"Gordon Bell was born in Kirksville, Missouri. He grew up helping with the family business, Bell Electric, repairing appliances and wiring homes.[1]
"
Bellovin,0,11,
Berdichevsky,0,0,
Berners-Lee,8,0,
Bernstein,0,0,
Bernus,0,7,
Bhushan,0,0,
Bjørner,6,0,
Blaauw,0,3,
Black,5,0,"Sue Black was born in 1962 in Fareham, Hampshire.[7] She left school and home at 16, the earliest legal age. She married at 20 and soon had three children.[8]
"
Blei,4,0,
Blum,0,0,
Blum,3,4,"Blum was born to a Jewish family in New York City, where her mother was a science teacher.[3] They moved to Venezuela when Blum was nine.
After graduating from her Venezuelan high school at age 16, she studied architecture at Carnegie Institute of Technology (now Carnegie Mellon University) beginning in 1959.[4][5] With the assistance of Alan Perlis, she shifted fields to mathematics in 1960.[6] She married Manuel Blum, then a student at the Massachusetts Institute of Technology, and transferred in 1961 to Simmons College, a private women's liberal arts college in Boston.[4][5] Simmons did not have a strong mathematics program but she was eventually able to take Isadore Singer's mathematics classes at MIT,[7] graduating from Simmons with a B.S. in mathematics in 1963.[8][9]
"
Blum,5,0,"Blum was born to a Jewish family in Venezuela.[9] Blum was educated at MIT, where he received his bachelor's degree and his master's degree in electrical engineering in 1959 and 1961 respectively, and his Ph.D. in mathematics in 1964 supervised by Marvin Minsky.[1][7]
"
Boehm,0,8,
Böhm,0,6,
Bollacker,0,0,
Bonwick,0,0,
Booch,2,7,"Booch earned his bachelor's degree in 1977 from the United States Air Force Academy and a master's degree in electrical engineering in 1979 from the University of California, Santa Barbara.[8]
"
Boole,0,0,
Booth,0,0,
Booth,0,0,"Kathleen Britten was born in Stourbridge, Worcestershire, England,[2] on 9 July 1922.[3][4] She obtained a BSc in mathematics from the University of London in 1944 and went on to get a PhD in Applied Mathematics in 1950. She married her colleague Andrew Donald Booth in 1950 and had two children.[5]
"
Borg,0,0,"Borg was born Anita Borg Naffz in Chicago, Illinois. She grew up in Palatine, Illinois; Kaneohe, Hawaii; and Mukilteo, Washington.[3] Borg got her first programming job in 1969. Although she loved math while growing up, she did not originally intend to go into computer science and taught herself how to program while working at a small insurance company.[4] She was awarded a PhD in Computer Science by New York University in 1981 for research investigating the synchronization efficiency of operating systems supervised by Robert Dewar and Gerald Belpaire.[1]
"
Bos,0,3,
Botvinnik,0,0,
Bowen,12,0,"Bowen was born in Oxford, the son of Humphry Bowen,[6] and was educated at the Dragon School, Bryanston School, prior to his matriculation at University College, Oxford (Oxford University) where he received the MA degree in Engineering Science.[6]
"
Bourne,1,0,
Bouwman,0,2,
Boyer,0,5,
Brandenburg,0,0,
Brassard,3,0,"Brassard received a Ph.D. in Computer Science from Cornell University in 1979, working in the field of cryptography with John Hopcroft as his advisor.[1]
"
Breed,2,3,
Bresenham,0,0,
Brin,0,0,"Sergey Mikhailovich Brin was born on August 21, 1973, in Moscow in the Soviet Union,[4] to Russian Jewish parents,[5] Mikhail and Eugenia Brin, both graduates of Moscow State University (MSU).[6] His father is a retired mathematics professor at the University of Maryland, and his mother is a researcher at NASA's Goddard Space Flight Center.[7][8]
"
Brown,0,0,"Brown received his primary and secondary school education in Delmar, New York, and then studied at the University of Pennsylvania, Moore School of Electrical Engineering where he received a B.S.E. degree in 1979 and an M.S.E. under advisor Ruzena Bajcsy in 1980.[1]
"
Hansen,1,10,"Per Brinch Hansen was born in Frederiksberg, an enclave surrounded by Copenhagen, Denmark. His father, Jørgen Brinch Hansen, worked as a civil engineer, becoming a leading expert in soil mechanics, and later accepting a professorship at Technical University of Denmark. His mother, Elsebeth Brinch Hansen (née Ring), was the daughter of Danish composer Oluf Ring and worked as a hairdresser before marrying.[1]
"
Brinkkemper,0,6,
Brooks,5,0,"Born on April 19, 1931, in Durham, North Carolina,[7] he attended Duke University, graduating in 1953 with a Bachelor of Science degree in physics, and he received a Ph.D. in applied mathematics (computer science) from Harvard University in 1956, supervised by Howard Aiken.[2]
"
Brooks,12,0,
Burnett,0,0,"Burnett was born in 1949, and is originally from Springfield, Illinois.
She studied at Miami University of Ohio from 1967 to 1970, brought there in part by their newly established program in computer science but eventually majoring in mathematics. After graduating, she became a software engineer for Procter & Gamble, the first women hired in a management position at their Ivorydale factory and research center in Cincinnati, Ohio.
She left soon after, following her husband to Santa Fe, New Mexico, where she started her own business, and then to Lawrence, Kansas.[1]
"
Butler,0,0,
Gil,0,0,
Camp,2,0,
Campbell-Kelly,0,0,"Campell-Kelly was educated at Sunderland Polytechnic where he was awarded a PhD in 1980 on the Foundations of computer programming in Britain 1945–1955.[6]
"
Candlin,0,9,
Canion,0,0,
Cantrill,0,0,
Cardelli,3,0,"He was born in Montecatini Terme, Italy. He attended the University of Pisa[7] before receiving his PhD from the University of Edinburgh in 1982[15] for research supervised by Gordon Plotkin.[4]
"
Carmack,0,0,
Caspersen,7,0,"Michael was born in Svendborg, Denmark. He went to Nordre Skole for primary and lower secondary school and to Svendborg Statsgymnasium for upper secondary school. He earned an M.Sc. in computer science from Aarhus University.[11]
"
Catmull,4,2,
Cerf,12,0,
Chaitin,0,0,
Cailliau,0,0,
Chaochen,1,0,
Chen,15,6,
Chiariglione,0,0,
Chou,0,0,"Chou studied computer science at Stanford University with a specialization in machine learning and artificial intelligence.[4] During that time, she interned at Google and Facebook, and went on to receive a master's degree in computer science. Describing her undergraduate experience studying computer science, Chou said she felt, ""really out of place"" and less confident than her male colleagues at the beginning and took time to realize that she was outperforming most of them in coursework.[6]
"
Church,0,0,
Ciaramella,0,0,
Clarke,4,0,
Cocke,4,0,
Codd,5,5,
Cohen,0,0,
Coldwater,0,0,
Colton,0,0,"Born in Nottingham, Colton graduated from the University of Durham in 1994 with a BSc degree in Mathematics. After a year spent as a programmer at a software company, he studied at the University of Liverpool, where he gained an MSc in Pure Mathematics in 1996. In 2000 he finished his PhD in Artificial Intelligence at the University of Edinburgh, having been supervised by Alan Bundy and Toby Walsh.
"
Colmerauer,0,0,
Comer,0,13,"Comer holds a BS in Mathematics and Physics from Houghton College earned in 1971 and a PhD in Computer Science from Pennsylvania State University earned in 1976. He is a Distinguished Professor of Computer Science and professor of electrical and computer engineering at Purdue University in the US. Beginning in the late 1970s he started his continuing research into TCP/IP, which has earned him international fame in the field of Computer Science and computer networking.
"
Compton,0,0,
Conway,2,16,"Conway was born on December 12, 1931, in Milwaukee, Wisconsin.[20]    He grew up in that state and attended Whitefish Bay High School in the Milwaukee County village of that name.[20]  He was awarded a John McMullen Regional Scholarship for the study of engineering.[21]
"
Cormack,0,0,
Cook,8,0,
Cooley,0,5,
Cooper,0,0,
Corbató,8,8,
Cosper,0,0,
Cousot,0,0,
Cox,4,0,
Cray,0,0,
Cristianini,4,0,"Cristianini holds a degree in physics from the University of Trieste, a Master in computational intelligence from the University of London and a PhD from the University of Bristol.[2] Previously he has been a professor of Artificial Intelligence at the University of Bristol, an associate professor at the University of California, Davis, and held visiting positions at other universities.[3]
"
Crowcroft,3,0,"Crowcroft was educated at Westminster School[11] and graduated with a Bachelor of Arts degree in physics in 1979 from the University of Cambridge where he was an undergraduate student of Trinity College, Cambridge. He then gained a Master of Science degree in computing in 1981 and PhD in 1993,[12] both from University College London.
"
Croft,0,0,"Croft earned a bachelor's degree with honors in 1973 and a master's degree in computer science in 1974 from Monash University in Melbourne, Australia.  He earned his Ph.D in computer science from the University of Cambridge in 1979 and joined the University of Massachusetts, Amherst faculty later that year.
"
Culler,2,0,
Curry,0,9,
Dadda,0,0,
Dahl,11,0,
Dahl,0,0,
Dam,0,0,
Das,0,0,
Daswani,0,0,
Date,0,0,
Davis,0,0,
Dean,0,2,"Dean received a B.S., summa cum laude, from the University of Minnesota in computer science and economics in 1990.[3] He received a Ph.D. in computer science from the University of Washington in 1996, working under Craig Chambers on compilers[4] and whole-program optimization techniques for object-oriented programming languages.[5] He was elected to the National Academy of Engineering in 2009, which recognized his work on ""the science and engineering of large-scale distributed computer systems"".[6]
"
Demaine,2,0,"Demaine was born in Halifax, Nova Scotia, to mathematician and sculptor Martin L. Demaine and Judy Anderson. From the age of 7, he was identified as a child prodigy and spent time traveling across North America with his father.[1] He was home-schooled during that time span until entering university at the age of 12.[2][3]
"
DeMarco,10,11,"Tom DeMarco was born in Hazleton, Pennsylvania. He received a BSEE degree in Electrical Engineering from Cornell University, a M.S. from Columbia University, and a diplôme from the University of Paris.[1]
"
DeMillo,0,0,"A Minnesota native, Richard DeMillo was born and raised in Hibbing, Minnesota and received his Bachelor of Arts in mathematics from the University of St. Thomas in St. Paul Minnesota in 1969 and a Ph.D. in information and computer science from Georgia Tech in 1972.
"
Denning,4,0,"Dorothy Elizabeth Robling, daughter of C. Lowell and Helen Watson Robling, grew up in Grand Rapids, Michigan.  She earned a Bachelor of Arts degree in mathematics in 1967 followed by a Master of Arts degree in 1969 at the University of Michigan. Her PhD thesis was on Secure Information Flow in Computer Systems and awarded in 1975 by Purdue University.[2]
"
Denning,6,7,"Denning was born January 6, 1942, in Queens, New York, and raised in Darien, Connecticut. He took an early interest in science, pursuing astronomy, botany, radio, and electronics while in grade school.  At Fairfield Prep, he submitted home-designed computers to the science fair in 1958, 1959, and 1960.  His second computer, which solved linear equations using pinball machine parts, won the grand prize.[3]
"
Dertouzos,0,0,
Dewdney,0,0,
Dewar,0,8,"Dewar was born in Oxford, England, one of two sons of the theoretical chemist Michael J. S. Dewar and Mary Dewar, née Williamson (d. 1994), a historian and scholar of English Tudor history.[2][3] In 1959, he moved with his parents from England to Chicago, Illinois, when his father accepted a teaching job at the University of Chicago.[4] Dewar attended the University of Chicago, earning a Bachelor of Science (B.S.) in 1964, and a Doctor of Philosophy (Ph.D.) in chemistry in 1968.[5] He began to work with computers during graduate school.[6]
"
Dham,0,0,
Dietz,0,5,
Diffie,6,2,"Diffie was born in Washington, D.C., the son of Justine Louise (Whitfield), a writer and scholar, and Bailey Wallys Diffie, who taught Iberian history and culture at City College of New York.[8] His interest in cryptography began at ""age 10 when his father, a professor, brought home the entire crypto shelf of the City College Library in New York.""[8]
"
Dijkstra,5,6,
Dillon,0,0,
Dix,0,5,
Dongarra,15,0,"Dongarra received a BSc degree in mathematics from Chicago State University in 1972 and a MSc degree in Computer Science from the Illinois Institute of Technology in 1973. In 1980, he received PhD in Applied Mathematics from the University of New Mexico under the supervision of Cleve Moler.[1]
"
Dorigo,0,5,
Dourish,0,7,
Draper,5,0,"Draper was born in Windsor, Missouri. He attended the University of Missouri in 1917, then transferred to Stanford University, California in 1919, from which he earned a B.A. in psychology in 1922. He matriculated at MIT in 1922, earning a Bachelor of Science degree in electrochemical engineering (1926), and Master of Science (1928), and a Doctor of Science (1938) degrees in physics.[3] Charles Stark Draper's relatives were prominent in his home state of Missouri, including his cousin, Governor Lloyd C. Stark.
"
Dumais,1,0,
Dunkels,0,0,
Dunn,2,0,"Dunn was born in Fort Wayne, Indiana. He went to high school in Lafayette, Indiana, where he worked in Purdue Biology laboratories after school and summers. He was the first in his family to go to college.
"
Dustdar,0,0,
Eades,0,0,
Easley,0,0,"Before the Civil Rights Movement, educational and career opportunities for African-American children were very limited. Segregation was prevalent, African-American children were educated separately from white children, and their schools were often inferior to white schools. Annie's mother told her that she could be anything, but she would have to work at it. She encouraged Annie to get a good education. From the fifth grade through high school, Annie attended Holy Family High School, and was valedictorian of her graduating class.[1] At a young age Annie had interest in becoming a nurse, but around the age of 16 she decided to study pharmacy.[2]
"
Ebbinkhuijsen,0,0,
Eckert,1,0,"Eckert was born in Philadelphia to wealthy real estate developer John Eckert, and was raised in a large house in Philadelphia's Germantown section. During elementary school, he was driven by chauffeur to William Penn Charter School, and in high school joined the Engineer's Club of Philadelphia and spent afternoons at the electronics laboratory of television inventor Philo Farnsworth in Chestnut Hill. He placed second in the country on the math portion of the College Board examination.[2]
"
Edelman,3,0,"Edelman received B.S. and M.S. degrees in mathematics from Yale University in 1984, and a Ph.D. in applied mathematics from MIT in 1989 under the direction of Lloyd N. Trefethen. Following a year at Thinking Machines Corporation, and at CERFACS[4] in France, Edelman went to U.C. Berkeley as a Morrey Assistant Professor and Levy Fellow, 1990–93. He joined the MIT faculty in applied mathematics in 1993.
"
Eich,0,0,
Emeagwali,0,2,"He traveled to the United States to study under a scholarship following completion of a course at the University of London. He received a bachelor's degree in mathematics from Oregon State University in 1977.[7] He later moved to Washington D.C., receiving in 1986 a master's degree from George Washington University in ocean and marine engineering, and a second master's in applied mathematics from the University of Maryland.[8] Next magazine suggested that Emeagwali claimed to have further degrees.[9][10] During this time, he worked as a civil engineer at the Bureau of Land Reclamation in Wyoming.
"
Emerson,2,0,"Emerson was born in Dallas, Texas. His early experiences with computing included exposure to BASIC, Fortran, and ALGOL 60 on the Dartmouth Time Sharing System and Burroughs large systems computers.[1]
He went on to receive a Bachelor of Science degree in mathematics from the University of Texas at Austin in 1976 and a Doctor of Philosophy degree in applied mathematics at Harvard University in 1981.[1]
"
Engelbart,6,0,"Engelbart was born in Portland, Oregon, on January 30, 1925, to Carl Louis Engelbart and Gladys Charlotte Amelia Munson Engelbart. His ancestors were of German, Swedish and Norwegian descent.[7]
"
Engelhardt,6,0,"Engelhardt received a Bachelor of Science in Symbolic Systems and a Master of Science in Computer Science from Stanford University. She received a PhD in 2008 from the University of California, Berkeley supervised by Michael I. Jordan.[3]  
"
Eppstein,0,5,
Ershov,0,0,
Estridge,0,0,
Etzioni,6,7,"Etzioni is the son of Israeli-American intellectual Amitai Etzioni.[6] He was the first student to major in computer science at Harvard University, where he earned a bachelor's degree in 1986. He earned a PhD from Carnegie Mellon University in January, 1991, supervised by Tom M. Mitchell.[7]
"
Evans,0,0,
Evans,1,0,
Even,0,0,
Fahlman,1,0,
Feigenbaum,3,0,"Feigenbaum was born in Weehawken, New Jersey in 1936 to a culturally Jewish family, and moved to nearby North Bergen, where he lived until the age of 16, when he left to start college.[9][10] His hometown did not have a secondary school of its own, and so he chose Weehawken High School for its college preparatory program.[10][11] He was inducted into his high school's hall of fame in 1996.[12]
"
Felten,2,0,
Finin,3,0,"Finin earned an undergraduate degree in Electrical Engineering from MIT in 1971 and a PhD in Computer Science from the University of Illinois at Urbana–Champaign in 1980.
"
Finkel,0,0,
Firesmith,0,8,
Flake,0,0,
Flowers,0,0,
Floyd,5,6,
Floyd,2,0,
Fogel,0,9,
Foley,6,4,"Foley was born in Pennsylvania. He attended Lehigh University in Bethlehem, Pennsylvania, where he graduated with a bachelor's degree in electrical engineering in 1964. Foley was initiated into the Phi Beta Kappa Society and Tau Beta Pi while at Lehigh. He received his Ph.D. in computer, information, and control engineering from the University of Michigan in 1969.[5]
"
Forbus,0,0,"Forbus earned a Bachelor of Science in computer science, Master of Science in computer science, and PhD in artificial intelligence from the Massachusetts Institute of Technology.[2]
"
Jr.,0,0,
Fortnow,4,0,
Fayed,0,0,
Fowler,0,9,
France,5,5,
Franke,0,12,
Fredkin,1,0,"Fredkin's mother and father were both Russian immigrants who met in Los Angeles, and he was the youngest child of four. His mother was a concert pianist, although she did not perform professionally. She died from cancer when he was 11. His father was a businessperson but had lost everything in the 1929 stock market crash and as a result, the family was relatively poor. At times he lived with other families or with his older sister. Eventually, his father remarried, and he and his sister moved back in. As a child, he was both entrepreneurial and interested in science and how things work. He did various weekend and after-school things to earn money, eventually handling a large newspaper delivery route. At age 10 he bought chemistry supplies and made his own fireworks, which were then illegal in Los Angeles. He did poorly in school because he didn't do homework. He graduated from John Marshall High School a semester early so that he could earn money for Caltech tuition and living expenses. Caltech later told him he had been admitted with the worst high school grades they had ever seen. He quit Caltech partway through his sophomore year.[4]
"
Freund,1,0,
Friedman,0,0,
Fischer,4,0,"She obtained both a B.A. degree, with honors, in Mathematics and Chemistry and an M.A. degree in Applied Mathematics from the University of British Columbia in 1952 and 1954, respectively. She then obtained her Ph.D. in Applied Mathematics and Computing at Cambridge University in 1957, pursuing coursework in quantum theory with Paul Dirac. She worked under the supervision of Douglas Hartree, whom she assisted in programming the Electronic Delay Storage Automatic Calculator (EDSAC) for atomic-structure calculations.
"
Fu,0,0,"Ping Fu was born in 1958 in Nanjing, China,[6][7] where her father was a professor at the Nanjing University of Aeronautics and Astronautics (NUAA).[8] Fu spent her childhood and early adulthood in China. She grew up during the Cultural Revolution, during which she was separated from both her parents for several years.[9][10] After the end of the Cultural Revolution, she attended the college that later became the Suzhou University[7][11] studying Chinese literature.[12] Fu has related in interviews and in her memoir that she chose to research China's one-child policy for her thesis and traveled to the countryside, where she found that infanticide of female infants was common, as was abortion, even late into pregnancy.[13][14]  Fu said that, after turning in her research, she believes it was passed to a newspaper editor who wrote an editorial on the infanticide of female children.[11][15][better source needed] Fu has stated that she was later briefly imprisoned by government officials and was told to leave the country.[16][17] After this event, she left school, without graduating.[18]
"
Fu,0,0,
Fukushima,1,0,"In 1958, Fukushima received his Bachelor of Engineering in electronics from Kyoto University.[1] He became a senior research scientist at the NHK Science & Technology Research Laboratories. In 1989, he joined the faculty of Osaka University.[1] In 1999, he joined the faculty of the University of Electro-Communications. In 2001, he joined the faculty of Tokyo University of Technology. From 2006 to 2010, he was a visiting professor at Kansai University.[1]
"
Fulkerson,2,0,"D. R. Fulkerson was born in Tamms, Illinois, the third of six children of Elbert and Emma Fulkerson. Fulkerson became an undergraduate at Southern Illinois University. His academic career was interrupted by military service during World War II. Having returned to complete his degree after the war, he went on to do a Ph.D. in mathematics at the University of Wisconsin–Madison under the supervision of Cyrus MacDuffee, who was a student of L. E. Dickson. Fulkerson received his Ph.D. in 1951.[2]
"
Gabriel,2,0,
Galil,3,0,"Zvi Galil was born in Tel Aviv in Mandatory Palestine in 1947. He completed both his B.Sc. (1970) and his M.Sc. (1971) in applied mathematics, both summa cum laude, at Tel Aviv University before earning his Ph.D. in computer science at Cornell University in 1975 under the supervision of John Hopcroft.[1] He then spent a year working as a post-doctorate researcher at IBM's Thomas J. Watson Research Center in Yorktown Heights, New York.[8]
"
Galler,0,0,"Galler attended the University of Chicago where he earned a BSc in mathematics at the University of Chicago (1947), followed by a MSc  from UCLA and a PhD from the University of Chicago (1955), advised by Paul Halmos and Marshall Stone. He joined the mathematics department at the University of Michigan (1955) where he taught the first programming course (1956) using an IBM 704. Galler helped to develop the computer language called the Michigan Algorithm Decoder (1959-) in use at several universities. He formed the Communication Sciences dept (1965), renamed Computer Sciences (CS), which became the Computer and Communications (CCS) dept (1984), and Computer Science Department in the 70s, where he retired in 1994. 
"
Garcia-Molina,1,0,
Garey,0,0,
Garis,0,0,
Gates,4,0,"William Henry Gates III was born on October 28, 1955, in Seattle, Washington[3] as the only son of William H. Gates Sr.[b] (1925–2020) and his first wife, Mary Maxwell Gates (1929–1994).[23] His ancestry includes English, German, and Irish/Scots-Irish.[24] His father was a prominent lawyer, and his mother served on the board of directors of First Interstate BancSystem and United Way of America. Gates's maternal grandfather was J. W. Maxwell, a national bank president. He also has an older sister Kristi (Kristianne) and a younger sister Libby. He is the fourth of his name in his family but is known as William Gates III or ""Trey"" (i.e., three) because his father had the ""II"" suffix.[25][26] The family lived in the Sand Point area of Seattle in a home that was damaged by a rare tornado when Gates was seven years old.[27]
"
Gelernter,2,0,"Gelernter grew up on Long Island, New York.[2] His father Herbert Gelernter was a physicist who, in the late 1950s and 1960s, became a pioneer in artificial intelligence and taught computer science at State University of New York at Stony Brook.[3][4] Gelernter's grandfather was a rabbi, and Gelernter grew up as a Reform Jew; he later became a follower of Orthodox Judaism.[5]
"
Gelobter,0,0,
Geschke,12,0,"Charles Matthew Geschke[4] was born in Cleveland, Ohio, on September 11, 1939.[5]  He attended Saint Ignatius High School.[6]
"
Ghahramani,2,0,"Ghahramani was educated at the American School of Madrid in Spain and the University of Pennsylvania where he was awarded a double major degree in Cognitive Science and Computer Science in 1990.[5] He obtained his Ph.D. from the Department of Brain and Cognitive Sciences at the Massachusetts Institute of Technology, supervised by Michael I. Jordan and Tomaso Poggio.[4][10]
"
Ghemawat,1,6,"Ghemawat studied at Cornell University and the Massachusetts Institute of Technology (MIT).[3] He obtained a PhD from MIT in 1995, with a dissertation titled, The Modified Object Buffer: A Storage Management Technique for Object-Oriented Databases. His advisors were Barbara Liskov and Frans Kaashoek.[6]
"
Gibbons,0,0,
Gilbert,19,0,"Ph.D., University of Cincinnati, Cincinnati, Ohio, 2000 (Computer Science); dissertation: ""Arthur: An Intelligent Tutoring System with Adaptive Instruction""[11]
"
Giles,7,0,
Ginsburg,0,0,
Glass,0,24,
Gödel,3,3,"Gödel was born April 28, 1906, in Brünn, Austria-Hungary (now Brno, Czech Republic), into the German-speaking family of Rudolf Gödel (1874–1929), the managing director and part owner of a major textile firm, and Marianne Gödel (née Handschuh, 1879–1966).[6] At the time of his birth the city had a German-speaking majority which included his parents.[7] His father was Catholic and his mother was Protestant and the children were raised as Protestants. The ancestors of Kurt Gödel were often active in Brünn's cultural life. For example, his grandfather Joseph Gödel was a famous singer in his time and for some years a member of the Brünner Männergesangverein (Men's Choral Union of Brünn).[8]
"
Goel,1,0,
Goguen,0,6,"Goguen received his bachelor's degree in mathematics from Harvard University in 1963, and his PhD in mathematics from the University of California, Berkeley in 1968, where he was a student of the founder of fuzzy set theory, Lotfi Zadeh.[2]
"
Gold,0,0,"In 1956, he got a B.S. in mathematics from the California Institute of Technology,
in 1958, he got a M.S. in physics from Princeton University.[9]: vi 
In Jan 1965, got his Ph.D. from UCLA, supervised by Abraham Robinson.[13][9]: i [14][3]: 403 
"
Goldberg,0,3,"Goldberg was born in Cleveland, Ohio, on July 22, 1945.  Her parents moved to Chicago, Illinois when she was 11, where she spent the rest of her childhood.[1] She enjoyed problem solving and mathematics from a young age and was encouraged by her teachers to pursue mathematics.[1] In 1967, she earned a bachelor's degree in mathematics at the University of Michigan.[2]  Interested in the subject of computing, Goldberg worked as an intern with IBM during the summer of her junior year of college, where she learned how to program unit record machines.[3]  After graduating, she attended the University of Chicago, where she received her master's degree (in 1969) and a PhD (in 1973) in information science.[2] She completed her dissertation, ""Computer-Assisted Instruction: The Application of Theorem-proving to Adaptive Response Analysis,"" while working as a research associate at Stanford University.[4] She also served as a visiting researcher at Stanford.[5]
"
Goldberg,2,2,"Goldberg did his undergraduate studies at the Massachusetts Institute of Technology, graduating in 1982. After earning a master's degree at the University of California, Berkeley, he returned to MIT with funding from a prestigious Hertz Fellowship, finishing his doctorate there in 1987 with a thesis on the Efficient graph algorithms for sequential and parallel computers[3] supervised by Charles E. Leiserson.[G87][1]
"
Goldberg,0,0,"He attended high school at the University of Toronto Schools, graduating in 1991. In 1995, he received a B.Math from the University of Waterloo in pure mathematics and computer science. He obtained a Ph.D. from the University of California, Berkeley in December 2000. His thesis was entitled A Pseudonymous Communications Infrastructure for the Internet.[5] His advisor was Eric Brewer.
"
Goldsmith,0,4,"Goldsmith graduated from Princeton University in 1982, with a bachelor's degree in mathematics.[1]
She completed her Ph.D. at the University of Wisconsin–Madison in mathematics (with a minor in computer science) in 1988.
Her dissertation, Polynomial Isomorphisms and Near-Testable Sets, was supervised by Deborah Joseph.[2]
"
Goldreich,1,0,
Goldwasser,11,0,"Born in New York City, Goldwasser obtained her Bachelor of Science degree in 1979 in mathematics and science from Carnegie Mellon. She continued her studies in computer science at Berkeley, receiving a Master of Science degree in 1981 and a PhD in 1984.  While at Berkeley, she and her doctoral advisor, Manuel Blum, would propose the Blum-Goldwasser cryptosystem.[3]
"
Golub,0,26,
Golumbic,0,3,"Golumbic majored in mathematics at Pennsylvania State University, graduating in 1970 with bachelor's and master's degrees.[3] He completed his Ph.D. at Columbia University in 1975, with the dissertation Comparability Graphs and a New Matroid supervised by Samuel Eilenberg.[4]
"
Gonnet,0,0,"Gonnet received his doctorate in computer science from the University of Waterloo in 1977.  His thesis was entitled Interpolation and Interpolation-Hash Searching.  His advisor was J. Alan George.[7]
"
Goodfellow,0,0,"Goodfellow obtained his B.S. and M.S. in computer science from Stanford University under the supervision of Andrew Ng (co-founder and head of Google Brain), and his Ph.D. in machine learning from the Université de Montréal in April 2014, under the supervision of Yoshua Bengio and Aaron Courville.[6][7] Goodfellow's thesis is titled Deep learning of representations and its application to computer vision.[8][9]
"
Gosling,5,0,
Graham,0,0,"Graham and his family moved to Pittsburgh, Pennsylvania in 1968, where he later attended Gateway High School. Graham gained interest in science and mathematics from his father who was a nuclear physicist.[8]
"
Graham,0,0,
Graham,5,0,"Born in Cleveland, Graham received her A.B. in mathematics from Harvard in 1964.[4]
She did her graduate work in computer science at Stanford, receiving her M.S. in 1966 and her Ph.D. in 1971 under the supervision of David Gries.[5]
In 1971 she joined the faculty of the University of California, Berkeley, rising from assistant professor (1971–1976), through associate professor (1976–1981) to full professor from 1981 onwards.
"
Gray,5,0,
Greibach,0,0,
Gries,4,0,
Griswold,0,0,
Gropp,1,0,
Gruber,0,4,
Guberman,0,8,
Guha,0,0,"Guha did his schooling from Loyola High School, Pune and graduated with Bachelor of Technology in Mechanical Engineering from the Indian Institute of Technology Madras, Master of Science from University of California, Berkeley and Ph.D from Stanford University.[1][7]
"
Gunther,0,0,
Gutknecht,0,2,
Guy,0,0,
Griesemer,0,0,
Habermann,0,0,
Hahn,0,0,
Hall,0,2,
Hall,6,1,"Wendy Hall was born in west London and educated at Ealing Grammar School for Girls. She studied for undergraduate and postgraduate degrees in mathematics at the University of Southampton. She completed her Bachelor of Science (BSc) degree in 1974, and her Doctor of Philosophy (PhD) degree in 1977.[5] Her doctoral thesis was titled Automorphisms and coverings of Klein surfaces.[9] She later completed a Master of Science degree in Computing at City University London.[5][2]
"
Halpern,2,0,
Hamilton,11,9,"Margaret Elaine Heafield was born August 17, 1936, in Paoli, Indiana,[6] to Kenneth Heafield and Ruth Esther Heafield (née Partington).[7][8] The family later moved to Michigan,[9] where Margaret graduated from Hancock High School in 1954.[7] She studied mathematics at the University of Michigan in 1955 before transferring to Earlham College, where her mother had been a student;[10][11] she earned a BA in mathematics with a minor in philosophy in 1958.[10][12] She cites Florence Long, the head of the math department at Earlham, as helping with her desire to pursue abstract mathematics and become a mathematics professor.[13] She says her poet father and headmaster grandfather inspired her to include a minor in philosophy in her studies.[14]
"
Hamming,4,0,
Han,0,0,
Harary,0,0,
Harris,0,0,"Harris was born in 1929. He was brought up in London, where he took degrees in Classical Arabic[1] and in Middle East History at the School of Oriental and African Studies. He also studied at the American University in Cairo, and did postgraduate work on Lebanese history under Bernard Lewis, the leading Western authority on the Ottoman Empire. Lewis arranged for him to do research in the archives of the Quai d'Orsay in Paris.
"
Hartmanis,3,4,
Håstad,4,0,
Hatton,3,0,
Hawryszkiewycz,0,4,
Jifeng,0,0,
Hehner,0,0,
Hellman,5,0,
Heiser,11,0,
Hendler,0,0,"Hendler completed his Doctor of Philosophy degree at Brown University in 1986 with a thesis on automated planning and scheduling.[3]  He also has an MS (1981) in Cognitive Psychology from Southern Methodist University, a MSc (1983) from Brown University, and a BS (1978) from Yale University.
"
Hennessy,9,4,"Hennessy was raised in Huntington, New York, as one of six children.[10] His father was an aerospace engineer, and his mother was a teacher before raising her children.[10] He is of Irish-Catholic descent, with some of his ancestors arriving in America during the potato famine in the 19th century. [18]
"
Herbert,0,3,
Hewitt,0,0,"Hewitt obtained his PhD in mathematics at MIT in 1971, under the supervision of Seymour Papert, Marvin Minsky, and Mike Paterson. He began his employment at MIT that year,[8] and retired from the faculty of the MIT Department of Electrical Engineering and Computer Science during the 1999–2000 school year.[9] He became emeritus in the  department in 2000.[10] Among the doctoral students that Hewitt supervised during his time at MIT are Gul Agha, Henry Baker, William Clinger, Irene Greif,  and Akinori Yonezawa.[11]
"
Hightower,0,1,"Hightower grew up in Long Beach, California, then moved to Atlanta, Georgia with his mother as he was beginning high school. After high school he enrolled at Clayton State University, but found the technology courses to be lacking and didn't continue. He then began courses to earn his CompTIA A+ information technology (IT) certification.[3]
"
Hillis,3,0,
Hinton,9,0,"Hinton was educated at King's College, Cambridge. After repeatedly changing his degree between different subjects like natural sciences, history of art, and philosophy, he eventually graduated in 1970 with a bachelor of arts in experimental psychology.[11] He continued his study at the University of Edinburgh where he was awarded a PhD in artificial intelligence in 1978 for research supervised by Christopher Longuet-Higgins.[2][33]
"
Hirschberg,2,3,
Ho,0,0,"Ho completed her undergraduate education at the Chinese University of Hong Kong in 1984.  She received a Ph.D. in computer science from State University of New York at Buffalo in 1992.[1]
"
Hoare,5,0,"Tony Hoare was born in Colombo, Ceylon (now Sri Lanka) to British parents; his father was a colonial civil servant and his mother was the daughter of a tea planter. Hoare was educated in England at the Dragon School in Oxford and the King's School in Canterbury.[13] He then studied Classics and Philosophy (""Greats"") at Merton College, Oxford.[14] On graduating in 1956 he did 18 months National Service in the Royal Navy,[14] where he learned Russian.[15] He returned to the University of Oxford in 1958 to study for a postgraduate certificate in statistics,[14] and it was here that he began computer programming, having been taught Autocode on the Ferranti Mercury by Leslie Fox.[16] He then went to Moscow State University as a British Council exchange student,[14] where he studied machine translation under Andrey Kolmogorov.[15]
"
Hodes,0,0,
Holberton,4,0,"Holberton was born Frances Elizabeth Snyder in Philadelphia, Pennsylvania in 1917. Her father was John Amos Snyder (1884–1963), her mother was Frances J. Morrow (1892–1981), and she was the third child in a family of eight children.
"
Holland,1,5,
Hollerith,3,0,
Holzmann,4,0,
Hopcroft,7,5,"He received his bachelor's degree from Seattle University in 1961.[6] He received his master's degree and Ph.D. from Stanford University in 1962 and 1964, respectively. He worked for three years at Princeton University and since then has been at Cornell University. Hopcroft is the grandson of Jacob Nist, founder of the Seattle-Tacoma Box Company.[7]
"
Hopper,9,0,"Grace Brewster Murray was born in New York City. She was the eldest of three children. Her parents, Walter Fletcher Murray and Mary Campbell Van Horne, were of Scottish and Dutch descent, and attended West End Collegiate Church.[8] Her great-grandfather, Alexander Wilson Russell, an admiral in the US Navy, fought in the Battle of Mobile Bay during the Civil War.[8]: 2–3 
"
Horvitz,0,1,
Householder,0,0,
Hudak,6,0,
Huffman,5,0,"Huffman earned his bachelor's degree in electrical engineering from Ohio State University in 1944. Then, he served two years as an officer in the United States Navy. He returned to Ohio State to earn his master's degree in electrical engineering in 1949. In 1953, he earned his Doctor of Science in electrical engineering at the Massachusetts Institute of Technology (MIT), with the thesis The Synthesis of Sequential Switching Circuits, advised by Samuel H. Caldwell.[1][2][4]
"
Hughes,2,0,
Hui,2,0,"Hui was born in Hong Kong in 1953. In 1966, he immigrated to Canada with his entire family.[3]
"
Humphrey,3,12,
Hutchins,0,0,"Hutchins received her B.A. from the University of California,[1] San Diego, in 1967. During her undergraduate studies, Hutchins majored in physics and minored in linguistics. In 1970, she received her Ph.D. in computer science, also from the University of California, San Diego.[2]
"
Hoberman,0,0,
Ichbiah,0,0,
Ierusalimschy,0,0,
Ingalls,11,0,"Ingalls received his Bachelor of Arts (B.A.) in physics from Harvard University, and his Master of Science (M.S.) in electrical engineering from Stanford University. While working toward a Doctor of Philosophy (Ph.D.) at Stanford, he started a company to sell a software measurement invention that he perfected, and never returned to academia.
"
Irwin,13,0,"Mary Jane Irwin received her B.S. in Mathematics from Memphis State University in 1971, and her M.S. and Ph.D. in Computer Science from the University of Illinois in 1975 and 1977, respectively.  Her dissertation research on the topic of computer arithmetic was supervised by Dr. James Robertson.
"
Iverson,4,0,"Iverson began school on 1 April 1926 in a one-room school,[4] initially in Grade 1, promoted to Grade 2 after 3 months and to Grade 4 by the end of June 1927.
He left school after Grade 9 because it was the depths of the Great Depression and there was work to do on the family farm, and because he thought further schooling only led to becoming a schoolteacher and he had no desire to become one.  At age 17, while still out of school, he enrolled in a correspondence course on radios with De Forest Training in Chicago, and learned calculus by self-study from a textbook.[4][6]
During World War II, while serving in the Royal Canadian Air Force, he took correspondence courses toward a high school diploma.
"
Jacobson,0,9,
Jain,10,9,
Jain,0,3,"He graduated with a bachelor's degree from Visvesvaraya National Institute of Technology, Nagpur, India and has a Ph.D. in electronics engineering (1975) from Indian Institute of Technology, Kharagpur, India.[2]
"
James,0,0,
Johnson,2,0,
Johnson,0,0,"Johnson's passion for computing started at age five, when his grandfather took him along to his work at the Bureau of Standards. The computer he saw (""the size of a small house"") made a strong impression on him, and he decided he ""wanted to work with computers, and never looked back after"".[3]
"
Jones,0,0,
Jordan,5,0,"Jordan received his BS magna cum laude in Psychology in 1978 from the Louisiana State University, his MS in Mathematics in 1980 from Arizona State University and his PhD in Cognitive Science in 1985 from the University of California, San Diego.[19] At the University of California, San Diego, Jordan was a student of David Rumelhart and a member of the Parallel Distributed Processing (PDP) Group in the 1980s.
"
Joseph,5,0,"Joseph studied for a BSc in physics at Wilson College (Mumbai, India, 1962) and an MSc in the same subject at the University of Mumbai in 1964.[4] He later studied for a Postgraduate Diploma in electronics at the Welsh College of Advanced Technology (1965) and then undertook a PhD in computing at Churchill College, Cambridge under the supervision of David Wheeler[2] (awarded 1968).
"
Joshi,0,0,
Joy,4,0,
Jurafsky,3,0,"Jurafsky received his B.A in linguistics (1983) and Ph.D. in computer science (1992), both at University of California, Berkeley; and then a postdoc at International Computer Science Institute, Berkeley (1992–1995).
"
Kahan,1,0,
Kahn,11,0,
Kak,0,0,
Kamp,0,8,
Karger,3,0,"Karger received a Bachelor of Arts degree from Harvard University and a PhD in computer science from Stanford University.[3]
"
Karp,16,0,
Karmarkar,0,0,
Karpinski,0,0,
Kaehler,0,0,
Kay,4,0,
Kayal,0,0,"Kayal was born and raised in Guwahati, India.
"
Kellis,3,0,"Kellis was born in Greece, moved with his family to France when he was 12, and came to the U.S. in 1993.[25] He obtained his PhD from MIT, where he worked with Eric Lander, founding director of the Broad Institute, and Bonnie Berger, professor at MIT[26] and received the Sprowls award for the best doctorate thesis in Computer Science,[27] and the first Paris Kanellakis graduate fellowship.[28] Prior to computational biology, he worked on artificial intelligence, sketch and image recognition, robotics, and computational geometry, at MIT and at the Xerox Palo Alto Research Center.[26]
"
Kemeny,4,0,
Kennedy,0,0,
Kernighan,0,13,"Kernighan was born in Toronto. He attended the University of Toronto between 1960 and 1964, earning his bachelor's degree in engineering physics.[6] He received his Ph.D. in electrical engineering from Princeton University in 1969, completing a doctoral dissertation titled ""Some graph partitioning problems related to program segmentation"" under the supervision of Peter G. Weiner.[10][11]
"
Kesselman,0,0,
Kiczales,0,0,
Kirstein,3,0,"Kirstein was born on 20 June 1933 in Berlin, Germany, the son of Eleanor (Jacobsohn) and Walter Kirschstein.[4] His parents were dentists, and his father was awarded the Iron Cross during WWI. His family was Jewish and his mother had British citizenship from being born in London, so, fearing for their safety in Nazi governed-Germany the family immigrated to the UK in 1937.[4]
"
Kleene,8,8,
Klein,1,0,
Kleinrock,5,0,"Leonard Kleinrock was born in New York City on June 13, 1934, to a Jewish family,[3] and  graduated from the noted Bronx High School of Science in 1951. He received a Bachelor of Electrical Engineering degree in 1957 from the City College of New York, and a master's degree and a doctorate (Ph.D.) in electrical engineering and computer science from the Massachusetts Institute of Technology (MIT) in 1959 and 1963 respectively. He then joined the faculty at the University of California at Los Angeles (UCLA), where he remains to the present day; during 1991–1995 he served as the chairman of the Computer Science Department there.[4]
"
Knuth,14,26,"Knuth received a scholarship in physics to the Case Institute of Technology (now part of Case Western Reserve University) in Cleveland, Ohio, enrolling in 1956.[10] He also joined the Beta Nu Chapter of the Theta Chi fraternity. While studying physics at Case, Knuth was introduced to the IBM 650, an early commercial computer. After reading the computer's manual, Knuth decided to rewrite the assembly and compiler code for the machine used in his school because he believed he could do it better.[11]
"
Koenig,0,0,
Koller,5,0,"Koller received a bachelor's degree from the Hebrew University of Jerusalem in 1985, at the age of 17, and a master's degree from the same institution in 1986, at the age of 18.[11] She completed her PhD at Stanford in 1993 under the supervision of Joseph Halpern.[2]
"
Kölling,7,0,"Kölling was born in Bremen, Germany. He earned a degree in informatics from the University of Bremen.[citation needed] In 1999, he was awarded a Ph.D. in computer science from the University of Sydney, for research on the design of an object-oriented programming environment and language supervised by John Rosenberg.[5]
"
Kolmogorov,7,0,
Kolodner,6,8,"Kolodner graduated with a Bachelor of Arts degree in math and computer science from Brandeis University in 1976. She then completed her Master of Science degree in computer science in 1977 and her PhD in computer science in 1980 from Yale University.[13]
"
Korn,0,0,"David Korn received his undergraduate degree in mathematics from Rensselaer Polytechnic Institute in 1965 and his Ph.D. in applied mathematics from NYU's Courant Institute of Mathematical Sciences in 1969. After working on computer simulations of transsonic airfoils and developing the Korn airfoil,[2] he switched fields to computer science and became a member of technical staff at Bell Laboratories in 1976. He developed Korn shell in response to problems he and his colleagues had with the most commonly used shells at the time, Bourne shell and C shell. The Korn shell pioneered the practice of consultative user interface design, with input from Unix shell users, and from mathematical and cognitive psychologists.[citation needed] The user interface, which included a choice of editing styles (the choices included styles based on vi and on two variants of Emacs) was incorporated into, or copied by, most subsequent Unix shells. The Korn shell is backward-compatible with Bourne shell, but takes a lot of ideas from C shell, such as history viewing and vi-like command line editing.
"
Koster,0,0,
Kowalski,2,0,"He was educated at the University of Chicago, University of Bridgeport (BA in mathematics, 1963), Stanford University (MSc in mathematics, 1966), University of Warsaw and the University of Edinburgh (PhD in computer science, 1970).[1]
"
Koza,0,0,
Krogstie,0,3,
Kruskal,0,0,"He was a student at the University of Chicago earning a bachelor of science in mathematics in the year of 1948, and a master of science in mathematics in the following year 1949.[3] After his time at the University of Chicago Kruskal attended Princeton University, where he completed his Ph.D. in 1954, nominally under Albert W. Tucker and Roger Lyndon,[4] but de facto under Paul Erdős with whom he had two very short conversations.[5] Kruskal worked on well-quasi-orderings [4][6] and multidimensional scaling.[7]
He was a Fellow of the American Statistical Association, former president of the Psychometric Society, and former president of the Classification Society of North America. He also initiated and was first president of the Fair Housing Council of South Orange and Maplewood in 1963, and actively supported civil rights in several other organizations such as CORE.[8]
"
Kruusmaa,0,0,
Kurtz,1,0,"In 1951, Kurtz' first experience with computing came at the Summer Session of the Institute for Numerical Analysis at University of California, Los Angeles. His interests have included numerical analysis, statistics, and computer science ever since. He graduated in 1950 when he obtained his bachelor's degree majoring in mathematics and in 1956, at the age of 28, he went on to acquire his PhD from Princeton University. His thesis was on a problem of multiple comparisons in mathematical statistics.[3] Kurtz composed his first computer program in 1951 while working with computers at UCLA in the institute of numerical analysis. He performed this feat just after finishing grad school and one year into his tuition at Princeton University.
"
Ladner,4,0,
Lam,0,0,
Lamport,6,0,"Lamport was born into a Jewish family in Brooklyn, New York, the son of Benjamin and Hannah Lamport (née Lasser).[citation needed] His father was an immigrant from Volkovisk in the Russian Empire (now Vawkavysk, Belarus)[9] and his mother was an immigrant from the Austro-Hungarian Empire, now southeastern Poland.
"
Lampson,6,0,"After graduating from the Lawrenceville School (where in 2009 he was awarded the Aldo Leopold Award, also known as the Lawrenceville Medal, Lawrenceville's highest award to alumni), Lampson received an A.B. in physics (magna cum laude with highest honors in the discipline) from Harvard University in 1964 and a PhD in electrical engineering and computer science from the University of California, Berkeley in 1967.
"
Landin,0,6,
Lane,0,0,
Langefors,0,5,
Lattner,2,0,"Lattner studied computer science at the University of Portland, graduating in with a Bachelor of Science degree in 2000. While in Oregon, he worked as an operating system developer, enhancing Sequent Computer Systems's DYNIX/ptx.[9][11] He moved to the University of Illinois at Urbana-Champaign where he was awarded a Master of Science degree in 2002, followed by a PhD in 2005 for research on optimizing pointer-intensive programs, supervised by Vikram Adve.[12][13]
"
Lawrence,0,0,
Lazowska,0,0,
Lederberg,3,0,"Lederberg was born in Montclair, New Jersey, to a Jewish family, son of Esther Goldenbaum Schulman Lederberg and Rabbi Zvi Hirsch Lederberg, in 1925, and moved to Washington Heights, Manhattan as an infant.[4] He had two younger brothers. Lederberg graduated from Stuyvesant High School in New York City at the age of 15 in 1941.[5] After graduation, he was allowed lab space as part of the American Institute Science Laboratory, a forerunner of the Westinghouse Science Talent Search. He enrolled in Columbia University in 1941, majoring in zoology. Under the mentorship of Francis J. Ryan, he conducted biochemical and genetic studies on the bread mold Neurospora crassa. Intending to receive his MD and fulfill his military service obligations, Lederberg worked as a hospital corpsman during 1943 in the clinical pathology laboratory at St. Albans Naval Hospital, where he examined sailors' blood and stool samples for malaria. He went on to receive his undergraduate degree in 1944.
"
Lehman,3,0,
Leiserson,0,0,
Lenat,6,0,"Lenat was born in Philadelphia, United States, on September 13, 1950.[14] When he was 5, the family moved to Wilmington, Delaware, where his father, Nathan Lenat, owned a bottling plant.[14]  His father died when he was 13 and the family then returned to Pennsylvania, where he attended Cheltenham High School.[14]  His after-school job was cleaning rat cages and goose pens at Beaver College which motivated him to learn programming as a better occupation.[14]
"
LeCun,3,0,"He received a Diplôme d'Ingénieur from the ESIEE Paris in 1983 and a PhD in Computer Science from Université Pierre et Marie Curie (today Sorbonne University) in 1987 during which he proposed an early form of the back-propagation learning algorithm for neural networks.[14]
"
Lerdorf,0,0,"Lerdorf was born on Disko Island in Greenland and moved to Denmark in his early years.[2] Lerdorf's family moved to Canada from Denmark in 1980, and later moved to King City, Ontario in 1983.[3] He graduated from King City Secondary School in 1988, and in 1993 he graduated from the University of Waterloo with a Bachelor of Applied Science in Systems Design Engineering. He contributed to the Apache HTTP Server and he added the LIMIT clause to the mSQL DBMS. A variant of this LIMIT clause had already been around for a decade in mainframe relational database management systems (like Oracle Rdb running on VMS, formerly from Digital Equipment Corporation), but apparently it had not yet been picked up by the emerging PC-based databases. It was later adapted by several other SQL-compatible DBMS.[4][5] He released the first version of PHP in 1995.[6]
"
Levchin,0,0,"Born in Kyiv, Ukrainian SSR to a Ukrainian-Jewish family, Levchin moved to the United States and settled in Chicago in 1991.[3][4][5] In an interview with Emily Chang of Bloomberg, Levchin discussed his overcoming adversity as a child. He had respiratory problems and doctors doubted his chance of living. With guidance from his grandmother and his parents he took up the clarinet to expand his lung capacity.[6] He attended Mather High School, and then the University of Illinois at Urbana-Champaign, where he earned a bachelor's degree in computer science in 1997.
"
Levin,1,0,
Leyton-Brown,2,2,
Licklider,0,2,
Liddle,0,0,
Liedtke,0,0,"In the mid-1970s Liedtke studied for a diploma degree in mathematics at the Bielefeld University. His thesis project was to build a compiler for the programming language ELAN, which had been launched for teaching programming in German schools.[citation needed] The compiler was written in ELAN.
"
Lions,0,0,
Lindsey,0,0,
Lipton,3,0,
Liskov,3,0,"Liskov was born November 7, 1939, in Los Angeles, California,[4] to a Jewish family, the eldest of Jane (née Dickhoff) and Moses Huberman's four children.[5] She earned her bachelor's degree in mathematics with a minor in physics at the University of California, Berkeley in 1961. At Berkeley, she had only one other female classmate in her major.[6] She applied to graduate mathematics programs at Berkeley and Princeton. At the time Princeton was not accepting female students in mathematics.[7] She was accepted at Berkeley but instead moved to Boston and began working at Mitre Corporation, where she became interested in computers and programming. She worked at Mitre for one year before taking a programming job at Harvard working on language translation.[7]
"
Liu,0,2,"Liu studied computer science at Peking University earning a Bachelor of Science (B.Sc.). She moved to Tsinghua University for her graduate studies, earning a Master of Engineering (M.Eng.) in computer science in 1988. Liu was a graduate student at Cornell University, where she earned a Doctor of Philosophy (Ph.D.) in 1996.[2][4]
"
Long,5,0,
Lopez,3,0,
Lovegrove,0,0,"Gillian Lesley Lowther, now Gillian Lovegrove, was born in Yorkshire on 28 October 1942[1] and grew up in the Hull area.[2] She went to Malet Lambert School and then to Newnham College, Cambridge to study mathematics. After her first degree in 1964, she did a Masters-equivalent Diploma at Cambridge University in Numerical Analysis and Automatic Computing.
"
Lovelace,0,3,"From 1832, when she was seventeen, her mathematical abilities began to emerge,[22] and her interest in mathematics dominated the majority of her adult life.[38] Her mother's obsession with rooting out any of the insanity of which she accused Byron was one of the reasons that Ada was taught mathematics from an early age. She was privately educated in mathematics and science by William Frend, William King,[a] and Mary Somerville, the noted 19th-century researcher and scientific author. In the 1840s, the mathematician Augustus De Morgan extended her ""much help in her mathematical studies"" including study of advanced calculus topics including the ""numbers of Bernoulli"" (that formed her celebrated algorithm for Babbage's Analytical Engine).[39] In a letter to Lady Byron, De Morgan suggested that Ada's skill in mathematics might lead her to become ""an original mathematical investigator, perhaps of first-rate eminence"".[40]
"
Luckham,0,0,
Luks,0,3,
Lynch,9,0,"Lynch was born in Brooklyn, and her academic training was in mathematics. She attended Brooklyn College and MIT, where she received her Ph.D. in 1972 under the supervision of Albert R. Meyer.[2][3]
"
Thalmann,2,0,
Maibaum,6,0,
Marlow,3,0,
Manna,2,0,
Martin,3,29,
Martin,0,7,
Mashey,0,0,
Matiyasevich,7,0,"Yuri Matiyasevich was born in Leningrad on March 2, 1947. The first few classes he studied at school No. 255 with Sofia G. Generson, thanks to whom he became interested in mathematics. In 1961 he began to participate in all-Russian olympiads. From 1962 to 1963 he studied at Leningrad physical and mathematical school No. 239. Also from 7th to 9th grade he was involved in the mathematical circle of the Leningrad Palace of Pioneers. In 1963-1964 he completed 10th grade at the Moscow State University physics and mathematics boarding school No. 18 named after A. N. Kolmogorov.[1][2]
"
Matsumoto,0,0,
Mauchly,2,0,
Maulik,0,0,"He did his schooling from Nabadwip Bakultala High School, Nabadwip, Nadia and Ramakrishna Mission Vivekananda Centenary College,[5] Rahara, 24 Parganas (North) both in West Bengal.  Subsequently, he completed B.Sc. in Physics and B. Tech. in Computer Science from University of Calcutta,[6] Kolkata, West Bengal, India in 1986 and 1989.  He also received his M. Tech. in Computer Science and Ph.D. in Engineering in 1992 and 1997 at Jadavpur University,[7] Kolkata, West Bengal, India. He did post-doctoral research at the University of New South Wales, Australia[8] in 1999 and the University of Texas, Arlington,[9] U.S. in 2001.
"
McAuley,1,0,
McCarthy,7,14,"John McCarthy was born in Boston, Massachusetts, on September 4, 1927, to an Irish immigrant father and a Lithuanian Jewish immigrant mother,[4] John Patrick and Ida (Glatt) McCarthy. The family was obliged to relocate frequently during the Great Depression, until McCarthy's father found work as an organizer for the Amalgamated Clothing Workers in Los Angeles, California. His father came from Cromane, a small fishing village in County Kerry, Ireland.[5] His mother died in 1957.[6]
"
McCallum,2,0,
McIlroy,0,0,
McKinstry,0,0,
McKusick,0,0,
Meertens,1,0,
Mehlhorn,4,5,"Mehlhorn graduated in 1971 from the Technical University of Munich, where he studied computer science and mathematics, and earned his Ph.D. in 1974 from Cornell University under the supervision of Robert Constable. Since 1975 he has been on the faculty of Saarland University in Saarbrücken, Germany, where he was chair of the computer science department from 1976 to 1978 and again from 1987 to 1989. Since 1990 has been the director of the Max Planck Institute for Computer Science, also in Saarbrücken. He has been on the editorial boards of ten journals, a trustee of the International Computer Science Institute in Berkeley, California, and a member of the board of governors of Jacobs University Bremen. He also served on the Engineering and Computer Science jury for the Infosys Prize from 2009 to 2011.[3]
"
Metcalf,0,0,
Meyer,0,0,"Meyer received a master's degree in engineering from the École Polytechnique[2] in Paris, a second master's degree from Stanford University, and a PhD from the Université de Nancy. He had a technical and managerial career for nine years at Électricité de France, and for three years was a member of the faculty of the University of California, Santa Barbara.
"
Micali,3,0,
Milner,4,7,"Milner was born in Yealmpton, near Plymouth, England into a military family. He gained a King's Scholarship to Eton College in 1947, and was awarded the Tomline Prize (the highest prize in Mathematics at Eton) in 1952. Subsequently, he served in the Royal Engineers, attaining the rank of Second Lieutenant.  He then enrolled at King's College, Cambridge, graduating in 1957. Milner first worked as a schoolteacher then as a programmer at Ferranti, before entering academia at City University, London, then Swansea University, Stanford University, and from 1973 at the University of Edinburgh, where he was a co-founder of the Laboratory for Foundations of Computer Science (LFCS). He returned to Cambridge as the head of the Computer Laboratory in 1995 from which he eventually stepped down, although he was still at the laboratory. From 2009, Milner was a Scottish Informatics & Computer Science Alliance Advanced Research Fellow and held (part-time) the Chair of Computer Science at the University of Edinburgh.
"
Minker,1,0,"Minker was born on July 4, 1927[3] in Brooklyn, New York. He received his Bachelor of Arts degree from Brooklyn College in 1949,[3] Master of Arts degree from the University of Wisconsin in 1950,[3] and PhD from the University of Pennsylvania in 1959 for research supervised by Bernard Epstein.[1]
"
Minsky,6,0,
Mitchell,9,0,
Mitchell,3,4,"Mitchell was born in Blossburg, Pennsylvania and grew up in Upstate New York, in the town of Vestal.[5][6] He received his bachelor of Science degree in Electrical Engineering from the Massachusetts Institute of Technology in 1973 and a Ph.D. from Stanford University under the direction of Bruce G. Buchanan in 1979.
"
Mithal,0,0,
Mockapetris,4,0,"Mockapetris graduated from the Boston Latin School in 1966, received his bachelor's degrees in physics and electrical engineering from the Massachusetts Institute of Technology in 1971 and his doctorate in information and computer science from the University of California at Irvine in 1982.[1][2]
"
Moler,2,2,
Moller,0,0,
Moon,0,0,"Moon's best subjects in school were Mathematics, Science and English.  After he graduated high school with honors, he enrolled at Pennsylvania State University where he received a degree in mechanical engineering in 1960. After graduating from there he decided to further pursue his education and get his masters from New York University (NYU) where he continued his studies in engineering.
"
Moore,0,1,
Moore,0,3,
Moore,9,0,"Gordon Moore was born in 1929 as the second son of Walter Harold Moore (a county sheriff stationed in San Mateo County) and Florence Almira ""Mira"" Williamson (a homemaker).[9] When Moore started school in 1935, the faculty noted his introverted personality.[10] His father accepted a promotion to deputy sheriff in 1938 and moved the family to Redwood City, California.[11] In 1940, Moore received a chemistry set as a Christmas gift, which inspired him to become a chemist.[12] From 1942 to 1946, Moore studied at Sequoia High School, where he was involved in athletic activities.[13] From 1946 to 1947, Moore attended San José State College (now San José State University), studying chemistry.[14] He transferred to University of California, Berkeley in 1948, taking courses from Glenn Seaborg, Melvin Calvin, and William Giauque. He graduated in 1950 with a Bachelor of Science degree in chemistry.[15][16]
"
Moore,0,0,
Moore,2,5,
Moravec,0,1,
Morgan,0,0,
Morris,0,0,
Moses,0,0,
Motwani,5,0,"Rajeev Motwani was born in Jammu,  Jammu and Kashmir, India on 24 March 1962, and grew up in New Delhi.[5] His father was in the Indian Army. He had two brothers. As a child, inspired by luminaries like Gauss, he wanted to become a mathematician.
Motwani went to St Columba's School, New Delhi. He completed his B.Tech. in Computer Science from the Indian Institute of Technology Kanpur in Kanpur, Uttar Pradesh in 1983 and got his Ph.D. in Computer Science from the University of California, Berkeley in Berkeley, California, United States in 1988, under the supervision of Richard M. Karp.[1]
"
Mukhanov,0,0,
Muggleton,4,0,"Muggleton received his Bachelor of Science degree in computer science (1982) and Doctor of Philosophy in artificial intelligence (1986) supervised by Donald Michie at the University of Edinburgh.[12]
"
Müller,1,0,
Mycroft,0,0,"Mycroft read mathematics at Cambridge then moved to Edinburgh where he completed his Doctor of Philosophy degree with a thesis on Abstract interpretation and optimising transformations for applicative programs[2] supervised by Rod Burstall and Robin Milner.
"
Myers,4,0,"Myers received his BS degree in Computer Science and MS degree in Computer Science and Engineering under MIT in 1980, whilst simultaneously interning at Xerox Parc for his Master's thesis. He then received his PhD in Computer Science from the University of Toronto in 1987.
"
Nadin,0,5,"At the Rhode Island School of Design, Nadin made a name for himself as one of the first proponents, in the nation, of integrating computers in education. He lectured on the topic around the US and consulted for several institutes of higher education (Rochester Institute of Technology, Illinois Institute of Technology, University of Oregon, Hadassah University in Israel, among others) in setting up programs in art and design with computers.
"
Nagao,10,0,
Nake,0,0,
Nardi,0,0,
Naur,12,0,
Needham,4,0,"Needham was born in Birmingham, England, the only child of Phyllis Mary, née Baker (c.1904–1976) and Leonard William Needham (c.1905–1973), a university chemistry lecturer.[7] He attended Doncaster Grammar School for Boys in Doncaster (then in the West Riding) going on to St John's College, Cambridge in 1953, and graduating with a BA in 1956 in mathematics and philosophy.[7] His PhD thesis was on applications of digital computers to the automatic classification and retrieval of documents. He worked on a variety of key computing projects in security, operating systems, computer architecture (capability systems) and local area networks.[1][8]
"
Nell,0,2,
Nelson,2,0,
Neumann,0,0,
Neumann,0,0,
Neumann,6,0,"Von Neumann was born in Budapest, Kingdom of Hungary (which was then part of the Austro-Hungarian Empire),[13][14][15] on December 28, 1903, to a wealthy, acculturated, and non-observant Jewish family. His Hungarian birth name was Neumann János Lajos. In Hungarian, the family name comes first, and his given names are equivalent to John Louis in English.[16]
"
Newell,16,0,
Newman,5,0,"Newman was born Maxwell Herman Alexander Neumann in Chelsea, London, England, to a Jewish family, on 7 February 1897.[4] His father was Herman Alexander Neumann, originally from the German city of Bromberg (now in Poland), who had emigrated with his family to London at the age of 15.[12] Herman worked as a secretary in a company, and married Sarah Ann Pike, an Irish schoolteacher, in 1896.[1]
"
Ng,9,15,"In 2011, Stanford launched a total of three massive open online course (MOOCs) on machine learning (CS229a), databases, and AI, taught by Ng, Peter Norvig, Sebastian Thrun, and Jennifer Widom.[45][46] This has led to the modern MOOC movement. Ng taught machine learning and Widom taught databases. The course on AI taught by Thrun led to the genesis of Udacity.[45] Coursera was the 6th online education website that Ng built and arguably the most successful to date.[47]"
Nilsson,0,6,"Nilsson was born in Saginaw, Michigan, in 1933.[2] He received his Ph.D. from Stanford in 1958, and spent much of his career at SRI International, a private research lab spun off from Stanford.[2][3]
"
Nijssen,0,3,
Nipkow,0,11,
Nivat,7,0,"Nivat was born in Clermont-Ferrand, France. His parents were high-school teachers; his father taught languages while his mother taught mathematics. His sister, Aline, became a notable mathematician.[2]
In 1954, Nivat moved with his family to Paris.[2] Nivat was admitted to the École Normale Supérieure in 1956, but began working at the Blaise Pascal Institute of the French National Centre for Scientific Research, a newly established computing laboratory, in 1959.[1][2] He returned to study mathematics in 1961 under the supervision of Marcel-Paul Schützenberger.[1] His 1967 thesis was entitled Transductions des langages de Chomsky (""Transductions of Chomsky Languages"").
"
Nkambule,3,0,
Noe,0,0,"Noe was born in McCloud, California. He received a Bachelor's degree in electrical engineering from the University of California, Berkeley. Stationed in Europe during World War II, he conducted research and development related to radar, before returning to California to complete a Ph.D. in electrical engineering at Stanford University.[1]
"
Nordin,0,0,
Norman,0,3,
Norvig,2,2,"Norvig received a Bachelor of Science in applied mathematics from Brown University[8] and a Ph.D. in computer science from the University of California, Berkeley.[3]
"
Novacky,0,3,"Novacky first received a mathematics degree from Wheeling Jesuit College in 1968.  In 1971, he received his MA in mathematics followed by a PhD in mathematics in 1981.  Both his MA and PhD were from University of Pittsburgh. Novacky's dissertation was Chromaticity of Extremal Graphs.[1]
"
Nygaard,1,0,
Odersky,0,0,
O'Hearn,9,0,"O'Hearn attained a BSc degree in computer science from Dalhousie University, Halifax, Nova Scotia (1985), followed by MSc (1987) and PhD (1991) degrees from Queen's University, Kingston, Ontario, Canada. His dissertation was on Semantics of Non-interference: A natural approach, supervised by Robert D. Tennent.[11][18]
"
Olle,0,6,
Omohundro,0,0,"Omohundro has degrees in physics and mathematics from Stanford University (Phi Beta Kappa)[2] and a Ph.D. in physics from the University of California, Berkeley.[3]
"
Ornstein,0,0,
O'Sullivan,4,0,
Ousterhout,2,0,
Overmars,0,0,
Owicki,0,5,
Page,0,0,"Page attended Okemos Montessori School (now called Montessori Radmoor) in Okemos, Michigan, from ages 2 to 7 (1975 to 1979). He attended East Lansing High School, graduating in 1991. In summer school, he attended Interlochen Center for the Arts at Interlochen, Michigan, playing flute but mainly saxophone for two summers.
"
Pal,5,0,"SK Pal studied at the University of Calcutta for his BSc in physics (1969), and BTech (1972) and MTech (1974) in radio physics and electronics. 
He received a PhD in radio physics and electronics from the Rajabazar Science College campus of University of Calcutta in 1979 as a student of Indian Statistical Institute, and another PhD in electrical engineering along with Diploma of the Imperial College from Imperial College, University of London, in 1982. After completing PhD at Imperial College, London as a Commonwealth Scholar, he did post-doctoral research there during 1982 to 1983 as a UK Medical Research Council Fellow. Subsequently, he worked at the University of California, Berkeley and University of Maryland, College Park from 1986 to 1987 as Fulbright Fellow, NASA Johnson Space Center from 1990 to 1992 and in 1994 as US NAS-NRC Senior Research Associate, and US Naval Research Laboratory, Washington, D.C. in 2004 as a visiting scientist. Besides, he had been a Distinguished Visitor of IEEE Computer Society (USA) for Asia-Pacific Region since 1997, and held several visiting positions in Australia, Poland, Italy, France, New Zealand, Japan and Hong Kong universities. 
"
Pandya,6,0,
Papadimitriou,5,9,"Papadimitriou studied at the National Technical University of Athens, where in 1972 he received his Bachelor of Arts degree in electrical engineering. He then pursued graduate studies at Princeton University, where he received his Ph.D. in electrical engineering and computer science in 1976 after completing a doctoral dissertation titled ""The complexity of combinatorial optimization problems.""[9]
"
Park,0,0,
Parnas,0,0,
Patil,0,0,"Patil attended Kennedy Middle School, Monta Vista High School and De Anza College, all in Cupertino, California.[9][10] While at Kennedy, he participated in a student exchange program, visiting Toyokawa, Cupertino's sister city in Japan, in 1988. In high school, he often got into trouble and graduated in 1992 near the bottom of his class. He followed his girlfriend to De Anza Community College, which he attended for one year.[11][12] He earned a B.A. in mathematics from Earl Warren College[13] at University of California, San Diego. He received a PhD in applied mathematics from the University of Maryland College of Computer, Mathematical, and Natural Sciences. While a faculty member at University of Maryland College Park, he used open datasets published by NOAA to improve numerical weather forecasting.
"
Patt,0,0,
Patterson,6,4,"David Patterson grew up in Evergreen Park, Illinois. He graduated from South High School in Torrance, California. He then attended the University of California, Los Angeles (UCLA), receiving his Bachelor of Arts degree in Mathematics in 1969. He continued on to obtain his Master of Science degree in 1970 and PhD in 1976, both in Computer Science at UCLA. Patterson's PhD was advised by David F. Martin and Gerald Estrin.[13][14][15][16]
"
Paterson,4,10,
Pătraşcu,0,6,
Paulson,1,0,"Paulson graduated from the California Institute of Technology in 1977,[10] and obtained his PhD in Computer Science from Stanford University in 1981 for research on programming languages and compiler-compilers supervised by John L. Hennessy.[3][11]
"
Pausch,1,2,
Pavón,0,5,"Pavón belongs to the first Spanish generation to get official studies in Computer Science, during the 1980s.[11] He studied Computer Science at the Technical University of Madrid, graduating in 1985. In 1988, he obtained his PhD in this area with the thesis: ""Synthesis of communication protocols from service specifications"".[12] While doing this thesis, he worked as assistant professor at the same university. After his PhD, he joined Alcatel-Lucent R&D team, where he worked for 10 years. At the end of 1997 he got an Associate Professor position at UCM, and in 2006, he achieved the Habilitation à diriger des recherches qualification in Computer Science at the Université Pierre et Marie Curie (Paris VI) with the thesis ""INGENIAS : Développement Dirigé par Modèles des Systèmes Multi-Agents"" (in French).[13][11][14]
"
Pearl,4,0,
Perlis,2,9,
Perlman,0,0,"As an undergraduate at MIT Perlman learned programming for a physics class. She was given her first paid job in 1971 as part-time programmer for the LOGO Lab at the (then) MIT Artificial Intelligence Laboratory, programming system software such as debuggers. [14]
"
Perotto,0,0,
Péter,0,0,"Péter was born in Budapest, Hungary, as Rózsa Politzer (Hungarian: Politzer Rózsa). She attended Pázmány Péter University (now Eötvös Loránd University), originally studying chemistry but later switching to mathematics. She attended lectures by Lipót Fejér and József Kürschák. While at university, she met László Kalmár; they would collaborate in future years and Kalmár encouraged her to pursue her love of mathematics.[3]
"
Jones,2,0,"Peyton Jones graduated from the University of Cambridge with a Bachelor of Science degree[7] in Electrical Sciences in 1979. During this time he was an undergraduate student of Trinity College, Cambridge, and subsequently went on to complete the Cambridge Diploma in Computer Science in 1980. He never did a PhD.[8][9]
"
Pham,0,0,"Pham’s parents were Vietnamese boat people, who spent several years in refugee camps before immigrating to the United States. Her brother, United States Marine Corps Major David Pham, was presented the Purple Heart medal during combat operations in Afghanistan.[14][15]
"
Pieraccini,0,0,"He obtained a degree in electrical engineering from the University of Pisa in 1980 with a thesis on the equalization of data channels.
"
Pingali,3,0,
Plotkin,3,0,"Plotkin was educated at the University of Glasgow and the University of Edinburgh, gaining his Bachelor of Science degree in 1967[11] and PhD in 1972[2] supervised by Rod Burstall.[1]
"
Pnueli,6,0,
Poel,0,3,
Popplewell,0,0,"Popplewell was born on 29 October 1920 in Bramhall, Stockport, England.[1] Her parents were Bessie (née Fazakerley) and Alfred Popplewell, a chartered accountant. She attended Sherbrook Private Girls School at Greaves Hall in Lancashire.[2]
"
Post,0,0,
Postel,3,0,
Preparata,1,0,
Press,0,0,
Rabana,0,0,"Rapelang was born in Gaborone, Botswana.[5] She started her schooling in Gaborone before moving to Johannesburg and attended Roedean School.[6] Rapelang graduated with honours from the University of Cape Town in 2005 with a bachelor's degree in Business Science with a specialty in Computer Science.[7] Rapelang returned to the University of Cape Town to give a commencement speech in 2019.[8]
"
Rozenberg,0,1,"Rozenberg received his Master and Engineer degrees in computer science from the Warsaw University of Technology in Warsaw, Poland. He obtained a Ph.D. in mathematics from the Polish Academy of Sciences also in Warsaw in 1968.[3]
Since then he has held full-time positions at the Polish Academy of Sciences, Warsaw, Poland (assistant professor), Utrecht University, The Netherlands (assistant professor), State University of New York at Buffalo, USA (associate professor), and University of Antwerp (UIA), Belgium (professor). Since 1979 he has been a professor of computer science at Leiden University, The Netherlands and adjoint professor at the Department of Computer Science of University of Colorado at Boulder, US.
"
Rabin,10,0,"Rabin was born in 1931 in Breslau, Germany (today Wrocław, in Poland), the son of a rabbi. In 1935, he emigrated with his family to Mandate Palestine. As a young boy, he was very interested in mathematics and his father sent him to the best high school in Haifa, where he studied under mathematician Elisha Netanyahu, who was then a high school teacher.[1]
"
Radev,0,0,
Raman,7,0,"He grew up in Pune, India.[7][8] Raman became blind at the age of 14 due to glaucoma,[5][9][10] being previously partially sighted[7] and able to see with his left eye.[11]  To deal with his blindness he had his brother, his mentors, and his aide read out textbooks and problems to him.  Although unable to see, he was able to solve Rubik's Cube with a braille version,[5][12][13][14] write computer programs, and perform mathematics.[11][15][16]
"
Randell,0,2,
Ravn,4,4,
Reddy,4,0,"Raj Reddy was born in a Telugu family[5] in Katur village of Chittoor district of present-day Andhra Pradesh, India. His father, Sreenivasulu Reddy, was a farmer, and his mother, Pitchamma, was a homemaker. He was the first member of his family to attend college.
"
Reed,0,0,
Reenskaug,0,0,
Reynolds,2,2,"John Reynolds studied at Purdue University and then earned a Doctor of Philosophy (Ph.D.) in theoretical physics from Harvard University in 1961. He was a professor of information science at Syracuse University from 1970 to 1986. From then until his death, he was a professor of computer science at Carnegie Mellon University. He also held visiting positions at Aarhus University (Denmark), The University of Edinburgh, Imperial College London, Microsoft Research (Cambridge, UK) and Queen Mary University of London.
"
Reynolds,0,0,
Riet,0,5,
Richards,0,0,
Richards,2,0,"Richards studied mathematics as an undergraduate student at the University of Cambridge and took the Cambridge Diploma in Computer Science. His PhD was on programming language design and implementation.[4][5] He was a senior lecturer at the University of Cambridge Computer Laboratory until his retirement in 2007.
"
Riese,0,0,
Rijsbergen,0,0,
Ritchie,2,4,
Rivest,5,5,"Rivest earned a Bachelor's degree in Mathematics from Yale University in 1969, and a Ph.D. degree in Computer Science from Stanford University in 1974 for research supervised by Robert W. Floyd.[1]
"
Robinson,4,4,"Ken Robinson was born in 1938. He received his BE degree in electrical engineering in 1959 and a BSc degree in physics and mathematics in 1961, both from the University of Sydney.[citation needed]
"
Rolland,0,11,
Romero,0,0,
Rosenfeld,5,0,
Ross,1,14,
Rossum,1,0,"Van Rossum was born and raised in the Netherlands, where he received a master's degree in mathematics and computer science from the University of Amsterdam in 1982. He received a bronze medal in 1974 in the International Mathematical Olympiad.[7] He has a brother, Just van Rossum, who is a type designer and programmer who designed the typeface used in the ""Python Powered"" logo.[8]
"
Rothman,0,0,
Royce,0,2,
Rucker,0,0,
Rudich,4,0,
Rulifson,0,0,"Johns Frederick Rulifson was born August 20, 1941, in Bellefontaine, Ohio. His father was Erwin Charles Rulifson and mother was Virginia Helen Johns. Rulifson married Janet Irving on June 8, 1963, and had two children.[1] He received a B.S. in mathematics from the University of Washington in 1966.[1] Rulifson earned a Ph.D. in computer science from Stanford University in 1973.[1][2]
"
Rumbaugh,0,5,
Ružička,0,4,
Sadowsky,0,0,"Sadowsky's first work was at Combustion Engineering, Inc. (1958–1962), where he was an applied mathematician and programmer for the Nuclear Division. He then went to Yale University (1962–1963), where he was Manager of Operations of Yale Computer Center and Research Assistant in Economics.
"
Sadrzadeh,0,3,"Sadrzadeh is from Iran. She received her undergraduate and master's degrees at Sharif University of Technology.[2] After earning her master's degree Sadrzadeh moved to Canada. She was a doctoral researcher first at the University of Ottawa, where she was awarded an Ontario Graduate Scholarship, a University of Ottawa Excellence Scholarship, and a Canada Female Doctoral Student Award, and then at the Université du Québec à Montréal.[citation needed] Her research considered epistemic logic.[3] Alongside earning her doctorate, Sadrzadeh moved to the University of Oxford as an EPSRC postdoctoral fellow.[4]
"
Saif,0,0,"Saif attended Aitchison College before enrolling at Lahore University of Management Sciences where he obtained a Bachelor of Science degree in computer science[4] in 1998.[5] He received a doctor of philosophy degree in computer science from the University of Cambridge at the age of 22[6] in 2001.[5] In 2002 he did his postdoc[6] at MIT, also in computer science.[5][7] From 2001 to 2005 he taught at MIT[4] and worked at the MIT Computer Science and Artificial Intelligence Laboratory (CSAIL) as a research scientist,[5] becoming part of the team which developed Project Oxygen. 
"
Salton,0,0,"Salton was born Gerhard Anton Sahlmann on in Nuremberg, Germany. He came to the United States in 1947 and was naturalized in 1952. He received a Bachelor's (1950) and Master's (1952) degree in mathematics from Brooklyn College, and a Ph.D. from Harvard in applied mathematics in 1958, the last of Howard Aiken's doctoral students, and taught there until 1965, when he joined Cornell University and co-founded its department of Computer Science.
"
Sammet,2,0,
Sammut,0,0,
Sassenrath,0,0,
Satyanarayanan,5,0,"He has a bachelor's and master's degree from Indian Institute of Technology, Madras in 1975 and 1977, and his Ph.D. in computer science from CMU in 1983.[citation needed]
"
Savitch,0,0,
Schaeffer,2,0,
Schickard,0,0,
Schmidhuber,0,0,
Schneider,0,0,
Schneier,0,18,
Schneider,13,0,
Schoenebeck,0,3,"Schoenebeck is from California and is of Indian and Australian descent.[1] She was an undergraduate student in engineering at Dartmouth College.[2] As an undergraduate student played tennis, and earned first team all-ivy honours three times.[2] She moved to the University of California, Berkeley for her graduate studies, where she completed a Master's in information management.[3][4] She was selected as the 2006 UC Berkeley School of Information Class Speaker.[5] Schoenebeck was a doctoral researcher at Georgia Tech, where she studied ways that parents could support young people's use of social media.[6]
"
Schroeder,0,0,
Schölkopf,1,0,"Schölkopf studied mathematics, physics, and philosophy in Tübingen and London. He was supported by the Studienstiftung and won the Lionel Cooper Memorial Prize for the best M.Sc. in Mathematics at the University of London.[32] He completed a Diplom in Physics, and then moved to Bell Labs in New Jersey, where he worked with Vladimir Vapnik, who became co-adviser of his PhD thesis at the TU Berlin (with Stefan Jähnichen). His thesis, defended in 1997, won the annual award of the German Informatics Association.[33] In 2001, following positions in Berlin, Cambridge and New York, he founded the Department for Empirical Inference at the Max Planck Institute for Biological Cybernetics, which grew into a leading center for research in machine learning. In 2011, he became founding director at the Max Planck Institute for Intelligent Systems.[34][35]
"
Scott,6,0,
Scott,0,0,"Scott received a PhD from the University of Wisconsin–Madison in 1985. He joined the faculty at Rochester the same year as an assistant professor of computer science. Scott was chair of the computer science department from 1996 until 1999, when he was succeeded by Mitsunori Ogihara.  He served again as interim chair from July to December 2007 and from July to December 2017.
"
Sedgewick,3,0,"Sedgewick earned his Bachelor of Science (1968) and Master of Science (1969) degrees in applied mathematics from Brown University, where he was a student of Andries van Dam.  He went on to graduate work at Stanford University where he was an advisee of Donald E. Knuth, receiving his PhD in 1975.[6] His thesis was entitled Quicksort and was named an outstanding dissertation in computer science.[7]
"
Sethi,0,0,
Shadbolt,5,0,"Shadbolt was born in London but adopted and raised in the Derbyshire village of Ashford-in-the-Water, living a ""bucolic existence"" until he went to university.[15] He went to Lady Manners School, then a grammar school. He obtained an undergraduate degree in philosophy and psychology at Newcastle University. His PhD degree was received from the Department of Artificial Intelligence at the University of Edinburgh.[4] His thesis resulted in a framework for understanding how human dialogue is organised and was supervised by Barry Richards[4] and Henry S. Thompson.[4]
"
Shamir,6,0,
Shannon,10,0,
Shaw,0,0,"Shaw was raised in Los Angeles, California.[4] His father was a theoretical physicist who specialised in plasma and fluid flows, and his mother is an artist and educator.[4] They divorced when he was 12.[4] His stepfather, Irving Pfeffer, was professor of finance at University of California, Los Angeles, and the author of papers supporting the efficient market hypothesis.[4]
"
Shaw,0,0,
Shenker,3,8,
Shekhar,0,0,"Shekhar received a B.Tech. in Computer Science from the IIT Kanpur in 1985. He then earned a M.S. in Computer Science (1987), a M.S. in Business Administration (1989) and a Ph.D. in Computer Science (1989) from the University of California, Berkeley. Earlier, he attended the Netarhat Residential School.[10]
"
Shneiderman,10,15,"Born in New York, Shneiderman, attended the Bronx High School of Science, and received a BS in Mathematics and Physics from the City College of New York in 1968. He then went on to study at the State University of New York at Stony Brook, where he received an MS in Computer Science in 1972 and graduated with a PhD in 1973.
"
Shortliffe,0,0,
Siewiorek,2,0,"Daniel P. Siewiorek received a Bachelor of Arts (B.A.) in Electrical Engineering from the University of Michigan, Ann Arbor in 1968. He then attended Stanford University, graduating with an Master of Arts (M.A.) in Electrical Engineering with a minor in Computer Science in 1969, and a Doctor of Philosophy (Ph.D.), also in Electrical Engineering, in 1972.[1]
"
Sifakis,10,0,
Simon,10,1,"Herbert Alexander Simon was born in Milwaukee, Wisconsin on June 15, 1916. Simon's father, Arthur Simon (1881–1948), was a Jewish[13] electrical engineer who came to the United States from Germany in 1903 after earning his engineering degree at Technische Hochschule Darmstadt.[14] An inventor, Arthur also was an independent patent attorney.[15] Simon's mother, Edna Marguerite Merkel (1888–1969), was an accomplished pianist whose Jewish, Lutheran, and Catholic ancestors came from Braunschweig, Prague and Cologne.[16] Simon's European ancestors were piano makers, goldsmiths, and vintners.
"
Singh,2,0,"Singh received his B.Tech. in computer science & engineering from the Indian Institute of Technology Delhi in 1986. He obtained a Ph.D. in computer science from the University of Texas at Austin in 1993 under the supervision of E. Allen Emerson and Nicholas M. Asher.[9]
"
Sitaraman,0,0,
Sleator,4,0,
Sloman,0,14,"Sloman was born in 1936, in the town of Que Que (now called Kwe Kwe), in what was then Southern Rhodesia (now Zimbabwe). His parents were Lithuanian Jews who emigrated to Southern Rhodesia around the turn of the century. Sloman describes himself as an atheist.[2] He went to school in Cape Town between 1948 and 1953, then earned a degree in Mathematics and Physics at the University of Cape Town in 1956, after which a Rhodes Scholarship (from South African College School) took him to the University of Oxford (first Balliol College, and then St Antony's College). In Oxford, he became interested in philosophy after a brief period studying mathematical logic supervised by Hao Wang, eventually writing a DPhil in philosophy, defending the ideas of Immanuel Kant about the nature of mathematical knowledge as non-empirical and non-analytic ('Knowing and Understanding', 1962, now online at AARON SLOMAN DPHIL 1962).
"
Sølvberg,0,9,
Smith,0,0,
Smith,1,0,
Spewak,0,2,
Spradling,0,9,
Sproull,0,0,
Srihari,0,0,"Rohini Srihari received  her early education in Lansing, Michigan, Kanpur India and Waterloo, Ontario.  She received an undergraduate degree in Computer Science from the University of Waterloo, Ontario, Canada and the M.S. and Ph.D. degrees in Computer Science from the University at Buffalo, The State University of New York.
"
Srihari,4,0,"Srihari received undergraduate degrees in Science and in Electrical Communication Engineering from the National College of Bangalore University and the Indian Institute of Science in Bangalore respectively.  He received Master's and Doctoral degrees in Computer and Information Science from Ohio State University, Columbus.[1]
"
Stachowiak,0,0,"After graduating from East High School (Rochester, New York) in 1994,[1] Stachowiak was accepted into MIT where he completed Course 6 - Electrical Engineering and Computer Science and received both his S.B. and M.Eng. in 1998.[2]
"
Stallman,5,3,
Stamper,0,8,
Starner,0,0,"Starner graduated from Dallastown Area High School in York PA in 1987 with honors. He won a talent show in technological science for one of the first AI puzzle-solving PC computer simulations in 1986 before high school graduation gaining him early recognition. Starner graduated from the Massachusetts Institute of Technology with a B.S. in Brain and Cognitive Science (1991), a B.S. in Computer Science (1991), a M.S. in Media Arts and Science, and finally a Ph.D. in Media Arts and Sciences (1999) from the MIT Media Laboratory. His doctoral work was entitled ""Wearable Computing and Contextual Awareness,"" dealing with pattern recognition and how wearable computing can be utilized for purposes such as recognizing hand motions used in American Sign Language.[3][4][5]
"
Stearns,4,0,
Jr.,2,0,
Sterling,3,0,"Sterling began his undergraduate studies in 1968 at the Polytechnic Institute of Brooklyn completing his BSEE degree in 1972 (Summa Cum Laude) from the Old Dominion University. Upon separation from the US Navy in 1977, he matriculated at the Massachusetts Institute of Technology (MIT). Thomas Sterling earned his SMEE from MIT in 1981, his EE in 1983, and his Ph.D in 1984 as a Hertz Fellow under the supervision of Prof. Robert H. Halstead.
"
Stepanov,0,0,
Stevens,0,0,
Stockmeyer,0,4,
Stolfo,0,0,
Stonebraker,9,0,
Storaasli,0,0,"Storaasli received a B.A. in Physics, Mathematics & French (Concordia College, 1964), M.A. in Mathematics (USD,1966), Ph.D in Engineering Mechanics (NCSU, 1970) and post-doc fellowships: NTNU (1984–85), University of Edinburgh (2008).
"
Strachey,0,23,"Christopher Strachey was born on 16 November 1916 to Oliver Strachey and Rachel (Ray) Costelloe in Hampstead, England. Oliver Strachey was the son of Richard Strachey and the great-grandson of Sir Henry Strachey, 1st Baronet. His elder sister was the writer Barbara Strachey. In 1919, the family moved to 51 Gordon Square. The Stracheys belonged to the Bloomsbury Group whose members included Virginia Woolf, John Maynard Keynes and Christopher's uncle Lytton Strachey. At 13, Christopher went to Gresham's School, Holt where he showed signs of brilliance but in general performed poorly. He was admitted to King's College, Cambridge (the same college as Alan Turing) in 1935 where he continued to neglect his studies. Strachey studied mathematics and then transferred to physics. At the end of his third year at Cambridge, Strachey suffered a nervous breakdown, possibly related to coming to terms with his homosexuality. He returned to Cambridge but managed only a ""lower second"" in the Natural Sciences Tripos.[6]
"
Strassen,0,0,
Stroustrup,11,5,"Stroustrup was born in Aarhus, Denmark. His family was working class, and he attended local schools.[6]
"
Sudan,3,0,
Sussman,6,0,"Sussman attended the Massachusetts Institute of Technology as an undergraduate and received his SB in mathematics in 1968. He continued his studies at MIT and obtained a PhD in 1973, also in mathematics, under the supervision of Seymour Papert. His doctoral thesis was titled ""A Computational Model of Skill Acquisition"" focusing on artificial intelligence and machine learning, using a computational performance model named HACKER.[2]
"
Sutherland,2,0,
Sutherland,11,7,
Sweeney,0,0,"Sweeney graduated from Dana Hall Schools in Wellesley, Massachusetts, receiving her high school diploma in 1977. She delivered the valedictory at the graduation ceremony.[10]
"
Szegedy,1,0,
Tabriz,0,0,"Tabriz initially enrolled at the University of Illinois at Urbana–Champaign to study computer engineering, but soon became interested in computer science instead.[4][5] She completed a bachelor of science and master of science degree at the university[4][6] and did research in wireless security and attacks on privacy-enhancing technologies, co-authoring papers with her advisor Nikita Borisov.[5][7][8] She was an active member of a student club interested in computer security, which she joined because her own website was hacked.[4]
"
Tamassia,0,0,
Tanenbaum,0,0,
Tate,5,6,"Tate was born 12 May 1951, Knottingley, West Yorkshire, UK.[6] He completed his  B.A. (Hons) Computer Studies, Lancaster University, 1969-1972.[6] He completed his postgraduate study in Machine Intelligence at University of Edinburgh, supervised by Donald Michie, 1972-1975 and a Master of Science degree in e-Learning at the University of Edinburgh, 2011-2012.[6]
"
Thalheim,3,16,
Tardos,1,0,"Tardos received her Dipl. Math in 1981 and her Ph.D. 1984 from the Faculty of Sciences of the Eötvös Loránd University under her advisor András Frank.[2] She was the Chair of the Department of Computer Science at Cornell from 2006-2010, and she is currently serving as the Associate Dean of the College of Computing and Information Science.[3]
"
Tardos,4,4,"Gábor Tardos received his PhD in Mathematics from Eötvös University, Budapest in 1988. His counsellors were László Babai and Péter Pálfy. He held postdoctoral posts at the University of Chicago, Rutgers University, University of Toronto and the Princeton Institute for Advanced Study. From 2005 to 2013, he served as a Canada Research Chair of discrete and computational geometry at Simon Fraser University. He then returned to Budapest to the Alfréd Rényi Institute of Mathematics where he has served as a research fellow since 1991.[2]
"
Tarjan,5,1,"He was born in Pomona, California. His father, raised in Hungary,[1] was a child psychiatrist, specializing in mental retardation, and ran a state hospital.[2] As a child, Tarjan read a lot of science fiction, and wanted to be an astronomer. He became interested in mathematics after reading Martin Gardner's mathematical games column in Scientific American. He became seriously interested in math in the eighth grade, thanks to a ""very stimulating"" teacher.[3]
"
Taylor,7,0,"Valerie Elaine Taylor was born May 24, 1963, in Chicago, Illinois.[2][3]  Her father, Willie Taylor, was an electrical engineer at Sonicraft and would bring his children to work with him on Saturdays. Taylor credits her pursuit of a career in science to that early exposure to building circuit boards, reading schematics, and soldering boards.[4] While in high school, she spent her Saturdays attending the Illinois Institute of Technology's Early Identification Program and spent summers in various STEM programs.[4] Taylor received her bachelor's and master's degrees in electrical engineering from Purdue University in 1985 and 1986, respectively.[2]
"
Tchou,0,0,
Teevan,1,0,"Teevan received a B.S. in Computer Science from Yale University. As an undergraduate, she sold her senior thesis to Infoseek, an early web search engine. In it she invented an early approach to using the web link graph to support information seeking.[1]
"
Teng,3,0,
Tesler,0,0,
Tevanian,0,0,
Thacker,1,0,
Thalmann,3,0,
Thompson,9,0,"Thompson was born in New Orleans, Louisiana. When asked how he learned to program, Thompson stated, ""I was always fascinated with logic and even in grade school I'd work on arithmetic problems in binary, stuff like that. Just because I was fascinated.""[3]
"
Thrun,1,0,"Thrun was born in 1967 in Solingen, Germany (former West Germany), the son of Winfried and Kristin (Grüner) Thrun. He completed his Vordiplom (intermediate examination) in computer science, economics, and medicine at the University of Hildesheim in 1988.  At the University of Bonn, he completed a Diplom (first degree) in 1993 and a Ph.D. (summa cum laude) in 1995 in computer science and statistics.[3]Later in his career, he was awarded many honorary Ph.D. degrees from European universities, including his first alma mater.[11]
"
Tichy,0,0,
Toda,0,0,
Toh,3,0,
Torvalds,0,0,
Quevedo,1,1,"In the last years of his life, Torres turned his attention to the field of educational disciplines, to investigate those elements or machines that could help educators in their task. From 1922 to 1930 he patented improvements on typewriters,[124] marginal pagination of manuals,[125] and, especially, the ""Puntero Proyectable"" (""Projectable Pointer""),[126] and the ""Proyector Didáctico"" (""Didactic Projector"").[127] The Projectable Pointer was based on the shadow produced by an opaque body that moves close to the projected plate, being this shadow used as a pointer. To do this, he designed an articulated system that allowed the speaker to move a point or points next to the projection plate, at will, which made it possible to mark the areas of interest on the transparency.[128] The Didactic Projector improved the way slides were placed on glass plates for projection.[129]
"
Toussaint,0,0,
Townsend,0,3,
Tozer,0,4,
Traub,0,4,
Tucker,0,0,
Tukey,7,12,
Turing,4,0,"Turing was born in Maida Vale, London, while his father, Julius Mathison Turing was on leave from his position with the Indian Civil Service (ICS) of the British Raj government at Chatrapur, then in the Madras Presidency and presently in Odisha state, in India.[15][16] Turing's father was the son of a clergyman, the Rev. John Robert Turing, from a Scottish family of merchants that had been based in the Netherlands and included a baronet. Turing's mother, Julius's wife, was Ethel Sara Turing (née Stoney), daughter of Edward Waller Stoney, chief engineer of the Madras Railways. The Stoneys were a Protestant Anglo-Irish gentry family from both County Tipperary and County Longford, while Ethel herself had spent much of her childhood in County Clare.[17] Julius and Ethel married on 1 October 1907 at Bartholomew's church on Clyde Road, in Dublin.[18]
"
Turner,0,12,
Turoff,5,5,
Ullman,12,0,
Valiant,6,0,"Valiant was educated at King's College, Cambridge,[14][6] Imperial College London,[14][6] and the University of Warwick where he received a PhD in computer science in 1974.[15][1]
"
Vapnik,1,6,"Vladimir Vapnik was born to a Jewish family[3] in the Soviet Union. He received his master's degree in mathematics from the Uzbek State University, Samarkand, Uzbek SSR in 1958 and Ph.D in statistics at the Institute of Control Sciences, Moscow in 1964. He worked at this institute from 1961 to 1990 and became Head of the Computer Science Research Department.[4]
"
Vardi,7,0,"Vardi was an undergraduate student at Bar-Ilan University and received his Master of Science degree from the Weizmann Institute of Science.[4] His PhD was supervised by Catriel Beeri and awarded by the Hebrew University of Jerusalem in 1981.[3]
"
Vaughan,0,0,
Vauquois,0,2,
Vazirani,6,4,
Veloso,7,0,"Manuela Veloso received her Licenciatura and Master of Science degree in electrical engineering from Lisbon's Instituto Superior Técnico in 1980 and 1984 respectively. She then attended Boston University, and received a Master of Arts in computer science in 1986.[citation needed] She moved to Carnegie Mellon University and received her Ph.D. in computer science there in 1992. Her thesis Learning by Analogical Reasoning in General Purpose Problem Solving was supervised by Jaime Carbonell.[3]
"
Vernadat,0,7,
Veryard,0,6,
Vilkomir,6,6,
Vitanyi,0,0,
Viterbi,2,0,"Viterbi attended the Boston Latin School, and then entered Massachusetts Institute of Technology (MIT) in 1952, studying electrical engineering. He received both BS and MS in electrical engineering in 1957 from MIT. He was elected to membership in the honor society Eta Kappa Nu in 1956 through the MIT chapter.
"
Vitter,0,0,"Vitter was born and raised in New Orleans, Louisiana. He earned a Bachelor of Science in mathematics with highest honors from the University of Notre Dame in 1977, a Ph.D. in computer science from Stanford University under the supervision of Donald Knuth in 1980 and a master of business administration from Duke University in 2002.
"
Vixie,0,1,
Wada,0,0,
Wagner,0,0,
Waltz,2,0,"Waltz was born in Boston, Massachusetts in 1943. He attended the Massachusetts Institute of Technology (MIT) where, as a student of artificial intelligence pioneer Marvin Minsky, he was part of the MIT Artificial Intelligence Laboratory and received S.B. (1965), M.S. (1968) and Ph.D. (1972) degrees, all in Electrical Engineering.
"
Wang,0,2,"Wang received a summa cum laude bachelor's degree in mathematics and computer science from the University of Minnesota (advisor: Dennis Hejhal), an M.S. in mathematics and an M.S. in computer science, both from Stanford University, and a Ph.D. degree in medical information sciences from Stanford University's Biomedical Informatics and Database groups (advisor: Gio Wiederhold, committee members: Hector Garcia-Molina and Stephen T.C. Wong).
"
Ward,0,0,
Warmuth,2,1,"After studying computer science at the University of Erlangen–Nuremberg, earning a diploma in 1978, Warmuth went to the University of Colorado Boulder for graduate study, earning a master's degree there in 1980 and completing his Ph.D. in 1981.[2] His doctoral dissertation, Scheduling on Profiles of Constant Breadth, was supervised by Harold N. Gabow.[3]
"
Warren,0,0,"Warren received a Ph.D.[1] in artificial intelligence from the University of Edinburgh in 1977 under advisor Robert Kowalski, and (a second advisor) Donald Michie.[2]
"
Warwick,4,5,
Weglarz,0,0,
Wadler,4,0,"Wadler received a Bachelor of Science degree in mathematics from Stanford University in 1977, and a Master of Science degree in computer science from Carnegie Mellon University in 1979.[6] He completed his Doctor of Philosophy in computer science at Carnegie Mellon University in 1984. His thesis was entitled ""Listlessness is better than laziness"" and was supervised by Nico Habermann.[7][8]
"
Wegner,3,0,"Wegner was educated at the University of Cambridge and received a Post-Graduate Diploma in Numerical Analysis and Automatic Computing in 1954, at a time when there were no PhD programs in computer science.[2] He was awarded a PhD from the University of London in 1968 for his book Programming Languages, Information Structures, and Machine Organization, with Maurice Wilkes listed as his supervisor.[10][1]
"
Wegstein,0,5,
Weinberger,0,0,
Weiser,0,0,"Weiser was born in Chicago, Illinois, to David and Audra Weiser. He grew up in Stony Brook, New York.[1] He moved to Sarasota, Florida, to study philosophy at New College of Florida but dropped out in his second year when he ran out of money.[1] He then moved to Ann Arbor, Michigan, where he found a job as a computer programmer.[1] While working as a computer programmer he began taking computer science classes and excelled to the point that he was directly admitted into a master's program at the University of Michigan.[1] He studied Computer and Communication Science at the University of Michigan, receiving an M.A. in 1976, and a Ph.D. in 1979.[1]
"
Weizenbaum,0,0,
Wheeler,6,0,"Wheeler was born in Birmingham, England, the second of the three children of (Agnes) Marjorie, née Gudgeon, and Arthur Wheeler, a press tool maker, engineer, and proprietor of a small shopfitting firm.[17] He was educated at a local primary school in Birmingham and then went on to King Edward VI Camp Hill School after winning a scholarship in 1938. His education was disrupted by World War II, and he completed his sixth form studies at Hanley High School.[17] In 1945 he gained a scholarship to study the Cambridge Mathematical Tripos at Trinity College, Cambridge, graduating in 1948.[18] He was awarded the world's first[19] PhD in computer science in 1951.[19][20]
"
Westervelt,0,0,
Whittaker,2,0,
Widom,4,0,"Widom earned a BS degree in trumpet performance from the Indiana University Jacobs School of Music in 1982 and a PhD in computer science under David Gries from Cornell University in 1987.[3][4]
"
Wiederhold,7,0,"Gio Wiederhold was born June 24, 1936, in Varese, Italy.[1] He graduated C.Ae. cum laude in Aeronautical Engineering from the TMS Technicum in Rotterdam, Netherlands in 1957. From 1957 to 1958 he did graduate work at the Technische Hogeschool in Delft. He emigrated to the United States in 1958. Since 1966 he had been married to Voy Yat Jew.
"
Wiener,1,10,
Wijngaarden,4,0,
Wilkes,0,7,
Wilkes,5,8,"Wilkes was born in Dudley, Worcestershire, England[13] the only child of Ellen (Helen), née Malone (1885–1968) and Vincent Joseph Wilkes (1887–1971), an accounts clerk at the estate of the Earl of Dudley.[14] He grew up in Stourbridge, West Midlands, and was educated at King Edward VI College, Stourbridge. During his school years he was introduced to amateur radio by his chemistry teacher.[15]
"
Wilks,16,0,
Wilkinson,3,0,"Born in Strood, England, he won a Foundation Scholarship to Sir Joseph Williamson's Mathematical School in Rochester.[6] He studied the Cambridge Mathematical Tripos at Trinity College, Cambridge, where he graduated as Senior Wrangler.[7]
"
Wilson,6,0,"Wilson was born in 1957 and brought up in Leeds, Yorkshire. Her parents were both teachers, with her father specialising in English and her mother in physics.[3] From 1975,[11] she studied computer science and the Mathematical Tripos at Selwyn College, University of Cambridge[4] and was a member of their Microprocessor society.[12]
"
Winograd,0,0,
Winograd,1,5,"Winograd grew up in Colorado and graduated from Colorado College in 1966. He wrote SHRDLU as a PhD thesis at MIT in the years from 1968–70. In making the program Winograd was concerned with the problem of providing a computer with sufficient ""understanding"" to be able to use natural language. Winograd built a blocks world, restricting the program's intellectual world to a simulated ""world of toy blocks"". The program could accept commands such as, ""Find a block which is taller than the one you are holding and put it into the box"" and carry out the requested action using a simulated block-moving  arm. The program could also respond verbally, for example, ""I do not know which block you mean."" The SHRDLU program can be viewed historically as one of the classic examples of how difficult it is for a programmer to build up a computer's semantic memory by hand and how limited or ""brittle"" such programs are.[4]
"
Winston,7,7,
Wirth,5,6,
Wiseman,0,0,"Born in Cowlinge near Newmarket, Suffolk, Wiseman joined the Pye electronics company in Cambridge as an apprentice in 1950. 1954–1957 he studied for a BSc (Eng) degree in electrical engineering at Queen Mary College, University of London. During this time he started working for the Mathematical Laboratory, Cambridge during his vacations, e.g. on the construction of a high speed photo-electric paper tape reader. His ability recognised, arrangements were made for him to spend two years at the University of Illinois to study for a master's degree in electrical engineering (awarded 1959). Here he worked as a research assistant in the Digital Computer Laboratory on the design of circuits for the new Illinois computer. On his return to Britain his call-up for National Service was deferred to enable him to take employment with Elliott Brothers (London) Ltd at Borehamwood, Hertfordshire – on behalf of the Ministry of Aviation. He worked for two years at Elliott Brothers as research engineer in charge of the advanced circuits and logical techniques group in the Data Processing Laboratory. It was here that he started working with tunnel diodes, which showed great promise as a high-speed technology.
"
Wisnosky,0,7,
Wolfram,4,0,"Wolfram was educated at Eton College, but left prematurely in 1976.[15] As a young child, Wolfram had difficulties learning arithmetic.[16] He entered St. John's College, Oxford, at age 17 and left in 1978[17] without graduating[18][19] to attend the California Institute of Technology the following year, where he received a PhD[20] in particle physics in 1980.[21] Wolfram's thesis committee was composed of Richard Feynman, Peter Goldreich, Frank J. Sciulli and Steven Frautschi, and chaired by Richard D. Field.[21][22]
"
Woodger,0,0,
Woodward,3,0,
Worsley,0,0,
Wozniak,0,0,
Wu,0,0,
Wulf,0,8,"Born in Chicago, Wulf attended the University of Illinois Urbana–Champaign, receiving a Bachelor of Science (B.S.) in engineering physics in 1961 and an Master of Science (M.S.) in electrical engineering in 1963. He then achieved the first Doctor of Philosophy (Ph.D.) in computer science from the University of Virginia in 1968.
"
Yannakakis,1,0,"Yannakakis was born in Athens, Greece in 1953 and attended Varvakeio High School for his early education. He graduated from the National Technical University of Athens in 1975 with a diploma in Electrical Engineering, and then earned his PhD in Computer Science from Princeton University in 1979.[1] His dissertation was entitled ""The Complexity of Maximum Subgraph Problems"".[4]
"
Yao,1,0,"Yao was born in Shanghai, China. He completed his undergraduate education in physics at the National Taiwan University, before completing a Doctor of Philosophy in physics at Harvard University in 1972, and then a second PhD in computer science from the University of Illinois at Urbana–Champaign in 1975.
"
Yen,2,0,
Yoneda,0,0,
Yourdon,0,22,
Yung,6,10,
Zadeh,4,12,"Zadeh became the Chair of Department of Electrical Engineering at the University of California, Berkeley, in 1963. One of the lasting impacts of his leadership in this role is the expansion and the integration of computer science. He initiated and completed (in 1968) the transformation of the Electrical Engineering department at UC Berkeley to the Department of Electrical Engineering and Computer Science (EECS). This strategic move not only led UC Berkeley's advancement into the top ranks of computer science education and research, but also led other research universities globally to add computer science to their electrical engineering departments. 
In 1973, Lotfi Zadeh received the prestigious (Institute of Electronic and Electrical Engineers) IEEE Education Award, largely in recognition of his performance as chair of EE and then EECS. Other important services to UC Berkeley include his Academic Senate committee memberships: Academic Planning & Resource Allocation (1992–95); Committees (1969–70; 1980–81); Courses of Instruction (1975–80); and Faculty Awards (1990–92). Professor Zadeh graduated more than 50 PhD students, many of whom went on to become leaders in various areas of engineering, management and information sciences.[30]
"
Zantema,0,2,
Zaman,0,0,
Zdonik,0,0,"Zdonik has received a number of non-honorary degrees during his career, all from MIT.[7]
"
Zedan,0,13,
Zilberstein,0,6,
